time,f0,dt,df0,f0stab,speaker,date,condition,gender
5.396,276.915714,0.005,1691.590046,-1691.590046,12,20240821,sing,female
5.401,277.159081,0.005,319.4624892,-319.4624892,12,20240821,sing,female
5.406,278.174202,0.005,-1367.638352,-1367.638352,12,20240821,sing,female
5.411,274.593439,0.005,-3165.613375,-3165.613375,12,20240821,sing,female
5.416,257.879406,0.005,-4814.067842,-4814.067842,12,20240821,sing,female
5.421,230.371697,0.005,-6055.341875,-6055.341875,12,20240821,sing,female
5.426,218.112139,0.005,-6694.256973,-6694.256973,12,20240821,sing,female
5.431,215.115968,0.005,-6638.515042,-6638.515042,12,20240821,sing,female
5.436,212.585971,0.005,-5908.166526,-5908.166526,12,20240821,sing,female
5.441,211.68152,0.005,-4615.781225,-4615.781225,12,20240821,sing,female
5.446,213.496337,0.005,-2930.100926,-2930.100926,12,20240821,sing,female
5.451,214.644802,0.005,-1039.714914,-1039.714914,12,20240821,sing,female
5.456,212.441858,0.005,871.2519081,-871.2519081,12,20240821,sing,female
5.461,210.073413,0.005,2632.762452,-2632.762452,12,20240821,sing,female
5.466,212.498404,0.02,4089.666388,-4089.666388,12,20240821,sing,female
5.486,238.421318,0.005,5103.073812,-5103.073812,12,20240821,sing,female
5.491,237.97069,0.005,5559.337143,-5559.337143,12,20240821,sing,female
5.496,237.700355,0.135,5387.644377,-5387.644377,12,20240821,sing,female
5.631,264.088374,0.005,4581.061713,-4581.061713,12,20240821,sing,female
5.636,264.291704,0.005,3212.379534,-3212.379534,12,20240821,sing,female
5.641,264.755488,0.005,1436.412529,-1436.412529,12,20240821,sing,female
5.646,263.538479,0.005,-525.9756742,-525.9756742,12,20240821,sing,female
5.651,258.522854,0.005,-2421.26357,-2421.26357,12,20240821,sing,female
5.656,246.325304,0.005,-4007.398863,-4007.398863,12,20240821,sing,female
5.661,224.432353,0.005,-5097.798173,-5097.798173,12,20240821,sing,female
5.666,218.098482,0.005,-5593.439556,-5593.439556,12,20240821,sing,female
5.671,215.752555,0.005,-5494.355461,-5494.355461,12,20240821,sing,female
5.676,213.361146,0.005,-4888.139316,-4888.139316,12,20240821,sing,female
5.681,212.80112,0.005,-3920.308423,-3920.308423,12,20240821,sing,female
5.686,213.606834,0.005,-2756.650947,-2756.650947,12,20240821,sing,female
5.691,214.674543,0.005,-1548.982338,-1548.982338,12,20240821,sing,female
5.696,216.19448,0.005,-412.8501746,-412.8501746,12,20240821,sing,female
5.701,217.840629,0.005,579.7202816,-579.7202816,12,20240821,sing,female
5.706,218.65029,0.005,1394.867345,-1394.867345,12,20240821,sing,female
5.711,219.826751,0.005,2024.834128,-2024.834128,12,20240821,sing,female
5.716,222.385726,0.005,2475.659759,-2475.659759,12,20240821,sing,female
5.721,225.275346,0.005,2759.054888,-2759.054888,12,20240821,sing,female
5.726,228.469909,0.005,2889.620842,-2889.620842,12,20240821,sing,female
5.731,232.428443,0.005,2885.612881,-2885.612881,12,20240821,sing,female
5.736,236.75506,0.005,2770.057213,-2770.057213,12,20240821,sing,female
5.741,238.017356,0.005,2569.658851,-2569.658851,12,20240821,sing,female
5.746,235.050134,0.005,2311.024066,-2311.024066,12,20240821,sing,female
5.751,233.624569,0.005,2015.941151,-2015.941151,12,20240821,sing,female
5.756,235.916101,0.005,1698.429089,-1698.429089,12,20240821,sing,female
5.761,241.708254,0.005,1365.368308,-1365.368308,12,20240821,sing,female
5.766,244.013628,0.005,1020.372043,-1020.372043,12,20240821,sing,female
5.771,242.579475,0.005,668.5797472,-668.5797472,12,20240821,sing,female
5.776,241.098553,0.005,319.5668488,-319.5668488,12,20240821,sing,female
5.781,239.781947,0.005,-13.13938184,-13.13938184,12,20240821,sing,female
5.786,238.512144,0.005,-315.2620547,-315.2620547,12,20240821,sing,female
5.791,238.445325,0.005,-575.3505799,-575.3505799,12,20240821,sing,female
5.796,238.51615,0.005,-786.2153482,-786.2153482,12,20240821,sing,female
5.801,237.347588,0.005,-943.0454447,-943.0454447,12,20240821,sing,female
5.806,236.239929,0.005,-1039.075925,-1039.075925,12,20240821,sing,female
5.811,235.50537,0.005,-1061.358925,-1061.358925,12,20240821,sing,female
5.816,234.978545,0.005,-989.7241916,-989.7241916,12,20240821,sing,female
5.821,234.449448,0.005,-801.0608572,-801.0608572,12,20240821,sing,female
5.826,233.474451,0.005,-478.8042177,-478.8042177,12,20240821,sing,female
5.831,230.779031,0.005,-24.70733104,-24.70733104,12,20240821,sing,female
5.836,223.128265,0.005,532.1458401,-532.1458401,12,20240821,sing,female
5.841,223.731655,0.005,1134.239742,-1134.239742,12,20240821,sing,female
5.846,232.855234,0.005,1705.040978,-1705.040978,12,20240821,sing,female
5.851,240.463517,0.005,2167.056796,-2167.056796,12,20240821,sing,female
5.856,246.323867,0.005,2462.381392,-2462.381392,12,20240821,sing,female
5.861,248.972912,0.005,2567.885388,-2567.885388,12,20240821,sing,female
5.866,248.333469,0.005,2499.31344,-2499.31344,12,20240821,sing,female
5.871,246.696806,0.005,2303.510371,-2303.510371,12,20240821,sing,female
5.876,246.594039,0.005,2043.131115,-2043.131115,12,20240821,sing,female
5.881,247.76188,0.005,1780.727839,-1780.727839,12,20240821,sing,female
5.886,249.291132,0.005,1567.870478,-1567.870478,12,20240821,sing,female
5.891,251.356269,0.005,1441.031366,-1441.031366,12,20240821,sing,female
5.896,252.246632,0.005,1421.929267,-1421.929267,12,20240821,sing,female
5.901,252.600424,0.005,1518.303326,-1518.303326,12,20240821,sing,female
5.906,253.219228,0.005,1722.477988,-1722.477988,12,20240821,sing,female
5.911,248.090098,0.005,2008.375333,-2008.375333,12,20240821,sing,female
5.916,248.48846,0.005,2330.445741,-2330.445741,12,20240821,sing,female
5.921,248.795389,0.1,2628.293069,-2628.293069,12,20240821,sing,female
6.021,268.299452,0.005,2838.185285,-2838.185285,12,20240821,sing,female
6.026,269.191081,0.005,2908.679266,-2908.679266,12,20240821,sing,female
6.031,270.793714,0.005,2814.694256,-2814.694256,12,20240821,sing,female
6.036,273.228448,0.065,2564.358579,-2564.358579,12,20240821,sing,female
6.101,274.180281,0.005,2195.887224,-2195.887224,12,20240821,sing,female
6.106,272.95208,0.005,1765.966563,-1765.966563,12,20240821,sing,female
6.111,272.567958,0.005,1334.374745,-1334.374745,12,20240821,sing,female
6.116,272.736765,0.005,950.3754507,-950.3754507,12,20240821,sing,female
6.121,272.409121,0.005,644.7941564,-644.7941564,12,20240821,sing,female
6.126,271.866591,0.005,428.8218161,-428.8218161,12,20240821,sing,female
6.131,272.133014,0.005,297.9965297,-297.9965297,12,20240821,sing,female
6.136,272.922208,0.005,238.4817037,-238.4817037,12,20240821,sing,female
6.141,273.24179,0.005,232.8617881,-232.8617881,12,20240821,sing,female
6.146,272.901705,0.005,263.7586364,-263.7586364,12,20240821,sing,female
6.151,272.458257,0.005,314.9477126,-314.9477126,12,20240821,sing,female
6.156,272.45707,0.005,370.7450111,-370.7450111,12,20240821,sing,female
6.161,273.238703,0.005,414.9407484,-414.9407484,12,20240821,sing,female
6.166,274.586406,0.005,430.4677547,-430.4677547,12,20240821,sing,female
6.171,275.63771,0.005,400.5107503,-400.5107503,12,20240821,sing,female
6.176,276.059172,0.005,311.1450517,-311.1450517,12,20240821,sing,female
6.181,276.346957,0.005,155.020142,-155.020142,12,20240821,sing,female
6.186,277.130506,0.005,-64.86012409,-64.86012409,12,20240821,sing,female
6.191,278.185046,0.005,-332.5324619,-332.5324619,12,20240821,sing,female
6.196,278.356635,0.005,-618.9891351,-618.9891351,12,20240821,sing,female
6.201,276.997918,0.005,-885.5845,-885.5845,12,20240821,sing,female
6.206,274.148641,0.005,-1090.963429,-1090.963429,12,20240821,sing,female
6.211,270.123,0.005,-1200.202422,-1200.202422,12,20240821,sing,female
6.216,266.204435,0.005,-1193.642729,-1193.642729,12,20240821,sing,female
6.221,264.603984,0.005,-1072.47658,-1072.47658,12,20240821,sing,female
6.226,264.943555,0.005,-858.9312028,-858.9312028,12,20240821,sing,female
6.231,265.989306,0.005,-590.7066029,-590.7066029,12,20240821,sing,female
6.236,267.086752,0.005,-311.4270261,-311.4270261,12,20240821,sing,female
6.241,268.202318,0.005,-60.31725811,-60.31725811,12,20240821,sing,female
6.246,269.56036,0.005,135.5397077,-135.5397077,12,20240821,sing,female
6.251,270.451953,0.005,264.2000208,-264.2000208,12,20240821,sing,female
6.256,270.055815,0.005,326.8959674,-326.8959674,12,20240821,sing,female
6.261,269.274063,0.005,332.710927,-332.710927,12,20240821,sing,female
6.266,269.019931,0.005,292.4015133,-292.4015133,12,20240821,sing,female
6.271,269.488718,0.005,213.5842448,-213.5842448,12,20240821,sing,female
6.276,270.667634,0.005,98.30303997,-98.30303997,12,20240821,sing,female
6.281,272.173982,0.005,-57.37539625,-57.37539625,12,20240821,sing,female
6.286,272.178264,0.005,-262.8215443,-262.8215443,12,20240821,sing,female
6.291,270.661874,0.005,-532.1158792,-532.1158792,12,20240821,sing,female
6.296,269.505267,0.005,-882.7872506,-882.7872506,12,20240821,sing,female
6.301,268.623351,0.005,-1332.673509,-1332.673509,12,20240821,sing,female
6.306,267.786105,0.005,-1893.658691,-1893.658691,12,20240821,sing,female
6.311,267.48643,0.005,-2562.607238,-2562.607238,12,20240821,sing,female
6.316,267.967921,0.005,-3312.170642,-3312.170642,12,20240821,sing,female
6.321,269.105173,0.005,-4085.777478,-4085.777478,12,20240821,sing,female
6.326,270.605358,0.125,-4800.612051,-4800.612051,12,20240821,sing,female
6.451,245.346814,0.005,-5359.487338,-5359.487338,12,20240821,sing,female
6.456,238.773278,0.005,-5668.588455,-5668.588455,12,20240821,sing,female
6.461,234.790117,0.005,-5655.396684,-5655.396684,12,20240821,sing,female
6.466,231.733689,0.005,-5281.409636,-5281.409636,12,20240821,sing,female
6.471,228.517785,0.005,-4547.376057,-4547.376057,12,20240821,sing,female
6.476,225.213479,0.005,-3492.566177,-3492.566177,12,20240821,sing,female
6.481,222.587794,0.005,-2191.477081,-2191.477081,12,20240821,sing,female
6.486,221.1469,0.005,-750.0812761,-750.0812761,12,20240821,sing,female
6.491,220.64561,0.005,699.5929893,-699.5929893,12,20240821,sing,female
6.496,220.905342,0.005,2010.281253,-2010.281253,12,20240821,sing,female
6.501,223.539142,0.005,3038.642214,-3038.642214,12,20240821,sing,female
6.506,246.037363,0.005,3671.325945,-3671.325945,12,20240821,sing,female
6.511,258.778429,0.005,3851.003138,-3851.003138,12,20240821,sing,female
6.516,260.448327,0.005,3592.43625,-3592.43625,12,20240821,sing,female
6.521,258.053801,0.005,2980.741955,-2980.741955,12,20240821,sing,female
6.526,253.718955,0.005,2150.601214,-2150.601214,12,20240821,sing,female
6.531,249.835581,0.005,1252.971755,-1252.971755,12,20240821,sing,female
6.536,248.449122,0.005,420.7087959,-420.7087959,12,20240821,sing,female
6.541,248.045629,0.005,-255.9739344,-255.9739344,12,20240821,sing,female
6.546,247.070079,0.005,-738.369082,-738.369082,12,20240821,sing,female
6.551,245.623555,0.005,-1033.291285,-1033.291285,12,20240821,sing,female
6.556,244.42461,0.005,-1177.92431,-1177.92431,12,20240821,sing,female
6.561,243.75184,0.005,-1222.481851,-1222.481851,12,20240821,sing,female
6.566,243.25511,0.005,-1215.858704,-1215.858704,12,20240821,sing,female
6.571,242.77771,0.005,-1196.380288,-1196.380288,12,20240821,sing,female
6.576,242.279371,0.005,-1187.291321,-1187.291321,12,20240821,sing,female
6.581,241.833507,0.005,-1195.656198,-1195.656198,12,20240821,sing,female
6.586,241.527286,0.005,-1213.643328,-1213.643328,12,20240821,sing,female
6.591,241.146941,0.005,-1221.872452,-1221.872452,12,20240821,sing,female
6.596,240.036072,0.005,-1194.810382,-1194.810382,12,20240821,sing,female
6.601,237.289485,0.005,-1107.821815,-1107.821815,12,20240821,sing,female
6.606,233.496908,0.005,-944.7099324,-944.7099324,12,20240821,sing,female
6.611,232.336414,0.005,-703.9966818,-703.9966818,12,20240821,sing,female
6.616,233.904292,0.005,-402.2301462,-402.2301462,12,20240821,sing,female
6.621,235.100533,0.005,-73.27741206,-73.27741206,12,20240821,sing,female
6.626,235.274328,0.005,236.4914709,-236.4914709,12,20240821,sing,female
6.631,235.524066,0.005,476.3931843,-476.3931843,12,20240821,sing,female
6.636,236.507653,0.005,601.6666482,-601.6666482,12,20240821,sing,female
6.641,239.124926,0.005,583.9205515,-583.9205515,12,20240821,sing,female
6.646,243.532791,0.005,419.4436733,-419.4436733,12,20240821,sing,female
6.651,246.901686,0.005,132.7724612,-132.7724612,12,20240821,sing,female
6.656,244.199161,0.005,-226.52484,-226.52484,12,20240821,sing,female
6.661,240.902006,0.005,-594.1466694,-594.1466694,12,20240821,sing,female
6.666,236.966226,0.005,-906.1876713,-906.1876713,12,20240821,sing,female
6.671,233.176276,0.005,-1114.614933,-1114.614933,12,20240821,sing,female
6.676,231.305935,0.005,-1197.978494,-1197.978494,12,20240821,sing,female
6.681,231.414105,0.005,-1163.81216,-1163.81216,12,20240821,sing,female
6.686,232.372201,0.005,-1042.361737,-1042.361737,12,20240821,sing,female
6.691,233.371387,0.005,-874.5780564,-874.5780564,12,20240821,sing,female
6.696,233.631737,0.005,-699.1771752,-699.1771752,12,20240821,sing,female
6.701,233.104484,0.005,-543.2497237,-543.2497237,12,20240821,sing,female
6.706,232.405736,0.005,-418.7923107,-418.7923107,12,20240821,sing,female
6.711,231.872301,0.005,-324.8441229,-324.8441229,12,20240821,sing,female
6.716,231.513711,0.005,-252.9270485,-252.9270485,12,20240821,sing,female
6.721,231.411149,0.005,-192.9151662,-192.9151662,12,20240821,sing,female
6.726,231.539513,0.005,-137.1970518,-137.1970518,12,20240821,sing,female
6.731,231.677446,0.005,-82.36347101,-82.36347101,12,20240821,sing,female
6.736,231.688488,0.005,-28.86911707,-28.86911707,12,20240821,sing,female
6.741,231.691477,0.005,20.30589032,-20.30589032,12,20240821,sing,female
6.746,231.791058,0.005,61.07092749,-61.07092749,12,20240821,sing,female
6.751,231.905533,0.005,89.28048221,-89.28048221,12,20240821,sing,female
6.756,231.97624,0.005,101.4817099,-101.4817099,12,20240821,sing,female
6.761,232.193328,0.005,95.62198519,-95.62198519,12,20240821,sing,female
6.766,232.735642,0.005,71.8706154,-71.8706154,12,20240821,sing,female
6.771,232.983359,0.005,33.39120958,-33.39120958,12,20240821,sing,female
6.776,232.647832,0.005,-13.39913768,-13.39913768,12,20240821,sing,female
6.781,232.738108,0.005,-59.6137143,-59.6137143,12,20240821,sing,female
6.786,233.050178,0.005,-95.97064605,-95.97064605,12,20240821,sing,female
6.791,232.302801,0.005,-115.8248474,-115.8248474,12,20240821,sing,female
6.796,230.609936,0.005,-118.180814,-118.180814,12,20240821,sing,female
6.801,229.78702,0.005,-109.3505161,-109.3505161,12,20240821,sing,female
6.806,230.595854,0.005,-102.1434131,-102.1434131,12,20240821,sing,female
6.811,232.0051,0.005,-112.3367513,-112.3367513,12,20240821,sing,female
6.816,233.01603,0.005,-153.3922469,-153.3922469,12,20240821,sing,female
6.821,233.245143,0.005,-231.4222374,-231.4222374,12,20240821,sing,female
6.826,232.964893,0.005,-342.7097336,-342.7097336,12,20240821,sing,female
6.831,232.473215,0.005,-475.3525696,-475.3525696,12,20240821,sing,female
6.836,231.694556,0.005,-614.9579336,-614.9579336,12,20240821,sing,female
6.841,230.45317,0.005,-752.3245761,-752.3245761,12,20240821,sing,female
6.846,228.416165,0.005,-889.5787744,-889.5787744,12,20240821,sing,female
6.851,224.489903,0.055,-1041.148295,-1041.148295,12,20240821,sing,female
6.906,226.877019,0.005,-1227.721201,-1227.721201,12,20240821,sing,female
6.911,226.789841,0.005,-1464.552215,-1464.552215,12,20240821,sing,female
6.916,232.394415,0.005,-1748.785581,-1748.785581,12,20240821,sing,female
6.921,232.666921,0.005,-2052.011067,-2052.011067,12,20240821,sing,female
6.926,232.933485,0.15,-2322.770393,-2322.770393,12,20240821,sing,female
7.076,213.414293,0.005,-2499.472107,-2499.472107,12,20240821,sing,female
7.081,212.674479,0.005,-2529.181257,-2529.181257,12,20240821,sing,female
7.086,212.408116,0.005,-2384.748453,-2384.748453,12,20240821,sing,female
7.091,212.459935,0.005,-2073.453772,-2073.453772,12,20240821,sing,female
7.096,212.523606,0.005,-1634.335327,-1634.335327,12,20240821,sing,female
7.101,212.434437,0.005,-1126.347076,-1126.347076,12,20240821,sing,female
7.106,212.489479,0.005,-612.7964615,-612.7964615,12,20240821,sing,female
7.111,212.891979,0.005,-147.7963292,-147.7963292,12,20240821,sing,female
7.116,213.817694,0.005,231.733499,-231.733499,12,20240821,sing,female
7.121,215.325073,0.005,507.9450129,-507.9450129,12,20240821,sing,female
7.126,216.928469,0.005,679.3882667,-679.3882667,12,20240821,sing,female
7.131,217.7276,0.005,756.0600148,-756.0600148,12,20240821,sing,female
7.136,217.443645,0.005,754.0935734,-754.0935734,12,20240821,sing,female
7.141,217.147533,0.005,691.2925537,-691.2925537,12,20240821,sing,female
7.146,217.832724,0.005,584.0934645,-584.0934645,12,20240821,sing,female
7.151,218.967553,0.005,446.0965892,-446.0965892,12,20240821,sing,female
7.156,219.501458,0.005,287.9429394,-287.9429394,12,20240821,sing,female
7.161,219.13825,0.005,118.031668,-118.031668,12,20240821,sing,female
7.166,218.575582,0.005,-56.52921969,-56.52921969,12,20240821,sing,female
7.171,218.330485,0.005,-229.1995627,-229.1995627,12,20240821,sing,female
7.176,218.125573,0.005,-393.6670832,-393.6670832,12,20240821,sing,female
7.181,217.647118,0.005,-543.7847522,-543.7847522,12,20240821,sing,female
7.186,217.057695,0.005,-673.6153949,-673.6153949,12,20240821,sing,female
7.191,216.464451,0.005,-777.5374845,-777.5374845,12,20240821,sing,female
7.196,215.758794,0.005,-850.5258253,-850.5258253,12,20240821,sing,female
7.201,214.938181,0.005,-888.7497829,-888.7497829,12,20240821,sing,female
7.206,214.008473,0.005,-890.4781493,-890.4781493,12,20240821,sing,female
7.211,213.031534,0.005,-857.035858,-857.035858,12,20240821,sing,female
7.216,212.281752,0.005,-793.3920719,-793.3920719,12,20240821,sing,female
7.221,211.957905,0.005,-707.9981479,-707.9981479,12,20240821,sing,female
7.226,211.934568,0.005,-611.746256,-611.746256,12,20240821,sing,female
7.231,211.987994,0.005,-516.2650316,-516.2650316,12,20240821,sing,female
7.236,211.950711,0.005,-432.0351406,-432.0351406,12,20240821,sing,female
7.241,211.826721,0.005,-366.8661754,-366.8661754,12,20240821,sing,female
7.246,211.711985,0.005,-325.1128445,-325.1128445,12,20240821,sing,female
7.251,211.653684,0.005,-307.7220212,-307.7220212,12,20240821,sing,female
7.256,211.590071,0.005,-312.9384326,-312.9384326,12,20240821,sing,female
7.261,211.437194,0.005,-337.3612727,-337.3612727,12,20240821,sing,female
7.266,211.145448,0.005,-377.050963,-377.050963,12,20240821,sing,female
7.271,210.800977,0.005,-428.4666004,-428.4666004,12,20240821,sing,female
7.276,210.547169,0.005,-489.0777445,-489.0777445,12,20240821,sing,female
7.281,210.321408,0.005,-557.4907643,-557.4907643,12,20240821,sing,female
7.286,209.905007,0.005,-632.8979306,-632.8979306,12,20240821,sing,female
7.291,209.26128,0.005,-713.7080946,-713.7080946,12,20240821,sing,female
7.296,208.607933,0.005,-795.4604872,-795.4604872,12,20240821,sing,female
7.301,208.276534,0.005,-868.5558706,-868.5558706,12,20240821,sing,female
7.306,208.546698,0.005,-916.7771365,-916.7771365,12,20240821,sing,female
7.311,208.608959,0.005,-917.698472,-917.698472,12,20240821,sing,female
7.316,206.850439,0.005,-845.6456213,-845.6456213,12,20240821,sing,female
7.321,203.947194,0.005,-676.91222,-676.91222,12,20240821,sing,female
7.326,201.974253,0.005,-395.8768301,-395.8768301,12,20240821,sing,female
7.331,201.768551,0.005,-0.098408714,-0.098408714,12,20240821,sing,female
7.336,202.81452,0.005,497.2219943,-497.2219943,12,20240821,sing,female
7.341,203.90382,0.005,1067.977555,-1067.977555,12,20240821,sing,female
7.346,205.461948,0.005,1672.482821,-1672.482821,12,20240821,sing,female
7.351,207.186678,0.005,2264.176305,-2264.176305,12,20240821,sing,female
7.356,209.100535,0.005,2794.697789,-2794.697789,12,20240821,sing,female
7.361,211.450522,0.005,3219.022137,-3219.022137,12,20240821,sing,female
7.366,214.706242,0.005,3500.786254,-3500.786254,12,20240821,sing,female
7.371,219.426133,0.005,3617.689641,-3617.689641,12,20240821,sing,female
7.376,225.199014,0.005,3566.016125,-3566.016125,12,20240821,sing,female
7.381,228.447576,0.005,3362.60561,-3362.60561,12,20240821,sing,female
7.386,228.690517,0.005,3042.747104,-3042.747104,12,20240821,sing,female
7.391,228.597946,0.005,2653.693452,-2653.693452,12,20240821,sing,female
7.396,229.347218,0.005,2245.288028,-2245.288028,12,20240821,sing,female
7.401,230.161999,0.005,1860.554522,-1860.554522,12,20240821,sing,female
7.406,229.513631,0.005,1529.197803,-1529.197803,12,20240821,sing,female
7.411,229.401552,0.005,1265.656823,-1265.656823,12,20240821,sing,female
7.416,231.03477,0.005,1071.322212,-1071.322212,12,20240821,sing,female
7.421,233.259098,0.005,938.9113498,-938.9113498,12,20240821,sing,female
7.426,234.764395,0.005,856.6877708,-856.6877708,12,20240821,sing,female
7.431,234.388674,0.005,811.3075014,-811.3075014,12,20240821,sing,female
7.436,230.234711,0.005,789.7178693,-789.7178693,12,20240821,sing,female
7.441,222.940035,0.035,781.4409065,-781.4409065,12,20240821,sing,female
7.476,241.816029,0.005,781.9448553,-781.9448553,12,20240821,sing,female
7.481,240.020742,0.005,796.0275715,-796.0275715,12,20240821,sing,female
7.486,237.307537,0.005,838.6466537,-838.6466537,12,20240821,sing,female
7.491,235.779049,0.005,930.9211941,-930.9211941,12,20240821,sing,female
7.496,234.43252,0.005,1091.414411,-1091.414411,12,20240821,sing,female
7.501,232.436409,0.005,1325.972541,-1325.972541,12,20240821,sing,female
7.506,231.956924,0.005,1621.179217,-1621.179217,12,20240821,sing,female
7.511,235.772277,0.005,1945.388913,-1945.388913,12,20240821,sing,female
7.516,241.616879,0.005,2257.649173,-2257.649173,12,20240821,sing,female
7.521,247.288586,0.06,2520.663438,-2520.663438,12,20240821,sing,female
7.581,250.456956,0.005,2711.779507,-2711.779507,12,20240821,sing,female
7.586,250.986,11.53,2827.13514,-2827.13514,12,20240821,sing,female
19.116,247.2574,0.005,2877.854304,-2877.854304,12,20240821,sing,female
19.121,249.56876,0.005,2881.311052,-2881.311052,12,20240821,sing,female
19.126,252.34144,0.005,2852.591656,-2852.591656,12,20240821,sing,female
19.131,257.595435,0.005,2800.355272,-2800.355272,12,20240821,sing,female
19.136,261.379436,0.005,2728.160521,-2728.160521,12,20240821,sing,female
19.141,262.876959,0.005,2639.039031,-2639.039031,12,20240821,sing,female
19.146,263.918972,0.005,2539.558358,-2539.558358,12,20240821,sing,female
19.151,264.886211,0.005,2440.465167,-2440.465167,12,20240821,sing,female
19.156,265.758745,0.005,2353.413689,-2353.413689,12,20240821,sing,female
19.161,266.535135,0.005,2285.68959,-2285.68959,12,20240821,sing,female
19.166,267.574288,0.005,2235.930755,-2235.930755,12,20240821,sing,female
19.171,269.737849,0.005,2193.251964,-2193.251964,12,20240821,sing,female
19.176,273.197043,0.005,2140.456384,-2140.456384,12,20240821,sing,female
19.181,276.046589,0.005,2060.149376,-2060.149376,12,20240821,sing,female
19.186,277.801182,0.005,1941.39277,-1941.39277,12,20240821,sing,female
19.191,279.302224,0.005,1784.399837,-1784.399837,12,20240821,sing,female
19.196,280.89085,0.005,1601.544307,-1601.544307,12,20240821,sing,female
19.201,282.095946,0.005,1414.244441,-1414.244441,12,20240821,sing,female
19.206,282.019944,0.005,1246.649246,-1246.649246,12,20240821,sing,female
19.211,280.826111,0.005,1118.124515,-1118.124515,12,20240821,sing,female
19.216,279.856265,0.005,1037.018833,-1037.018833,12,20240821,sing,female
19.221,280.043767,0.005,997.8836384,-997.8836384,12,20240821,sing,female
19.226,281.65377,0.005,983.2133069,-983.2133069,12,20240821,sing,female
19.231,284.575836,0.005,969.1529862,-969.1529862,12,20240821,sing,female
19.236,287.396478,0.005,933.0922968,-933.0922968,12,20240821,sing,female
19.241,288.845546,0.005,860.3097983,-860.3097983,12,20240821,sing,female
19.246,288.939816,0.005,747.2653552,-747.2653552,12,20240821,sing,female
19.251,288.375337,0.005,600.6025072,-600.6025072,12,20240821,sing,female
19.256,287.610265,0.005,432.730656,-432.730656,12,20240821,sing,female
19.261,287.117164,0.005,256.1431279,-256.1431279,12,20240821,sing,female
19.266,287.352912,0.005,78.83581835,-78.83581835,12,20240821,sing,female
19.271,288.259974,0.005,-97.63536319,-97.63536319,12,20240821,sing,female
19.276,288.786269,0.005,-277.2290029,-277.2290029,12,20240821,sing,female
19.281,287.662716,0.005,-466.5029079,-466.5029079,12,20240821,sing,female
19.286,286.326571,0.005,-671.0742255,-671.0742255,12,20240821,sing,female
19.291,286.155016,0.005,-892.6852833,-892.6852833,12,20240821,sing,female
19.296,286.660475,0.005,-1127.628364,-1127.628364,12,20240821,sing,female
19.301,286.147067,0.005,-1366.763343,-1366.763343,12,20240821,sing,female
19.306,282.964834,0.005,-1596.956419,-1596.956419,12,20240821,sing,female
19.311,279.575501,0.005,-1803.498669,-1803.498669,12,20240821,sing,female
19.316,277.867558,0.005,-1972.915934,-1972.915934,12,20240821,sing,female
19.321,276.77023,0.005,-2095.555486,-2095.555486,12,20240821,sing,female
19.326,275.447478,0.005,-2167.416619,-2167.416619,12,20240821,sing,female
19.331,272.835579,0.005,-2190.836243,-2190.836243,12,20240821,sing,female
19.336,268.674663,0.005,-2173.812347,-2173.812347,12,20240821,sing,female
19.341,266.76764,0.005,-2127.976086,-2127.976086,12,20240821,sing,female
19.346,267.606915,0.005,-2065.560242,-2065.560242,12,20240821,sing,female
19.351,267.853363,0.005,-1996.113953,-1996.113953,12,20240821,sing,female
19.356,266.09804,0.005,-1923.974462,-1923.974462,12,20240821,sing,female
19.361,263.393834,0.005,-1847.372632,-1847.372632,12,20240821,sing,female
19.366,261.065859,0.005,-1759.456916,-1759.456916,12,20240821,sing,female
19.371,259.713087,0.005,-1650.735796,-1650.735796,12,20240821,sing,female
19.376,258.779337,0.005,-1511.923582,-1511.923582,12,20240821,sing,female
19.381,257.514751,0.005,-1336.253102,-1336.253102,12,20240821,sing,female
19.386,256.480518,0.005,-1120.909414,-1120.909414,12,20240821,sing,female
19.391,256.456674,0.005,-867.8851417,-867.8851417,12,20240821,sing,female
19.396,256.305197,0.005,-584.7570957,-584.7570957,12,20240821,sing,female
19.401,254.716518,0.005,-285.4661203,-285.4661203,12,20240821,sing,female
19.406,253.69066,0.005,9.537283041,-9.537283041,12,20240821,sing,female
19.411,254.428412,0.005,274.8387844,-274.8387844,12,20240821,sing,female
19.416,256.404576,0.005,484.0063354,-484.0063354,12,20240821,sing,female
19.421,259.581161,0.005,615.5499663,-615.5499663,12,20240821,sing,female
19.426,262.337735,0.005,659.2216391,-659.2216391,12,20240821,sing,female
19.431,262.804886,0.005,620.2765187,-620.2765187,12,20240821,sing,female
19.436,262.242276,0.005,519.7057739,-519.7057739,12,20240821,sing,female
19.441,261.774986,0.005,389.8524318,-389.8524318,12,20240821,sing,female
19.446,261.04665,0.005,266.5955027,-266.5955027,12,20240821,sing,female
19.451,259.839829,0.005,180.5995392,-180.5995392,12,20240821,sing,female
19.456,258.672349,0.005,150.4015839,-150.4015839,12,20240821,sing,female
19.461,258.332737,0.005,179.2957923,-179.2957923,12,20240821,sing,female
19.466,259.210404,0.005,256.5166518,-256.5166518,12,20240821,sing,female
19.471,260.734462,0.005,361.7719914,-361.7719914,12,20240821,sing,female
19.476,261.518873,0.005,471.2896895,-471.2896895,12,20240821,sing,female
19.481,261.743993,0.005,563.4472076,-563.4472076,12,20240821,sing,female
19.486,262.526997,0.005,622.6195307,-622.6195307,12,20240821,sing,female
19.491,263.698705,0.005,640.7433492,-640.7433492,12,20240821,sing,female
19.496,264.549547,0.005,616.8644125,-616.8644125,12,20240821,sing,female
19.501,264.884921,0.005,555.378579,-555.378579,12,20240821,sing,female
19.506,265.151879,0.005,463.7773443,-463.7773443,12,20240821,sing,female
19.511,265.516674,0.005,350.5853053,-350.5853053,12,20240821,sing,female
19.516,265.500966,0.005,223.9545535,-223.9545535,12,20240821,sing,female
19.521,264.813209,0.005,91.11151778,-91.11151778,12,20240821,sing,female
19.526,264.691579,0.005,-41.45473145,-41.45473145,12,20240821,sing,female
19.531,265.877357,0.005,-167.4628757,-167.4628757,12,20240821,sing,female
19.536,266.127345,0.005,-280.5071547,-280.5071547,12,20240821,sing,female
19.541,264.498329,0.005,-374.3170229,-374.3170229,12,20240821,sing,female
19.546,262.694233,0.005,-443.5862723,-443.5862723,12,20240821,sing,female
19.551,261.981837,0.005,-484.8835817,-484.8835817,12,20240821,sing,female
19.556,262.270139,0.005,-496.9805658,-496.9805658,12,20240821,sing,female
19.561,262.084181,0.005,-480.2677259,-480.2677259,12,20240821,sing,female
19.566,261.329156,0.005,-435.665851,-435.665851,12,20240821,sing,female
19.571,261.636773,0.005,-364.1288798,-364.1288798,12,20240821,sing,female
19.576,262.442055,0.005,-267.9094486,-267.9094486,12,20240821,sing,female
19.581,261.448388,0.005,-153.9122719,-153.9122719,12,20240821,sing,female
19.586,259.117061,0.005,-37.93382994,-37.93382994,12,20240821,sing,female
19.591,257.955254,0.005,52.82167363,-52.82167363,12,20240821,sing,female
19.596,258.644568,0.005,81.84939117,-81.84939117,12,20240821,sing,female
19.601,260.747057,0.005,11.5331787,-11.5331787,12,20240821,sing,female
19.606,264.377557,0.005,-183.9920874,-183.9920874,12,20240821,sing,female
19.611,269.143158,0.005,-505.728119,-505.728119,12,20240821,sing,female
19.616,271.713306,0.005,-922.3187083,-922.3187083,12,20240821,sing,female
19.621,266.835095,0.005,-1372.744862,-1372.744862,12,20240821,sing,female
19.626,258.514767,0.005,-1779.941437,-1779.941437,12,20240821,sing,female
19.631,252.868467,0.005,-2071.353443,-2071.353443,12,20240821,sing,female
19.636,249.298419,0.005,-2199.196554,-2199.196554,12,20240821,sing,female
19.641,246.630226,0.005,-2153.093045,-2153.093045,12,20240821,sing,female
19.646,245.792159,0.005,-1960.891565,-1960.891565,12,20240821,sing,female
19.651,247.609534,0.005,-1678.252733,-1678.252733,12,20240821,sing,female
19.656,249.591672,0.005,-1371.63848,-1371.63848,12,20240821,sing,female
19.661,249.333282,0.005,-1100.934556,-1100.934556,12,20240821,sing,female
19.666,247.765618,0.005,-906.7698807,-906.7698807,12,20240821,sing,female
19.671,247.278324,0.005,-804.833761,-804.833761,12,20240821,sing,female
19.676,247.839576,0.005,-786.8662273,-786.8662273,12,20240821,sing,female
19.681,248.233697,0.005,-826.7362026,-826.7362026,12,20240821,sing,female
19.686,248.094967,0.005,-890.2164569,-890.2164569,12,20240821,sing,female
19.691,247.923217,0.015,-947.810314,-947.810314,12,20240821,sing,female
19.706,241.693167,0.005,-990.1177146,-990.1177146,12,20240821,sing,female
19.711,240.786068,0.005,-1044.084825,-1044.084825,12,20240821,sing,female
19.716,239.448953,0.005,-1186.302908,-1186.302908,12,20240821,sing,female
19.721,238.635627,0.005,-1547.292097,-1547.292097,12,20240821,sing,female
19.726,239.70918,0.005,-2299.83123,-2299.83123,12,20240821,sing,female
19.731,243.019932,0.005,-3626.274793,-3626.274793,12,20240821,sing,female
19.736,247.494179,0.005,-5665.335474,-5665.335474,12,20240821,sing,female
19.741,249.599805,0.005,-8447.593794,-8447.593794,12,20240821,sing,female
19.746,248.26652,0.005,-11838.40571,-11838.40571,12,20240821,sing,female
19.751,246.896218,0.005,-15512.06662,-15512.06662,12,20240821,sing,female
19.756,246.480626,0.005,-18976.89502,-18976.89502,12,20240821,sing,female
19.761,247.287323,0.01,-21655.51013,-21655.51013,12,20240821,sing,female
19.771,126.187797,0.005,-23002.67388,-23002.67388,12,20240821,sing,female
19.776,125.748391,0.005,-22625.21457,-22625.21457,12,20240821,sing,female
19.781,124.419696,0.005,-20365.59663,-20365.59663,12,20240821,sing,female
19.786,122.74476,0.005,-16326.09031,-16326.09031,12,20240821,sing,female
19.791,121.630714,0.005,-10836.33729,-10836.33729,12,20240821,sing,female
19.796,121.462109,0.005,-4388.206347,-4388.206347,12,20240821,sing,female
19.801,121.693852,0.005,2434.111252,-2434.111252,12,20240821,sing,female
19.806,121.775979,0.005,9014.175821,-9014.175821,12,20240821,sing,female
19.811,121.628185,0.005,14757.63542,-14757.63542,12,20240821,sing,female
19.816,121.282951,0.03,19153.40467,-19153.40467,12,20240821,sing,female
19.846,236.056397,0.005,21845.5312,-21845.5312,12,20240821,sing,female
19.851,239.855875,0.005,22700.62813,-22700.62813,12,20240821,sing,female
19.856,242.183976,0.005,21842.26032,-21842.26032,12,20240821,sing,female
19.861,241.180784,0.005,19628.04609,-19628.04609,12,20240821,sing,female
19.866,240.559152,0.005,16567.123,-16567.123,12,20240821,sing,female
19.871,241.230499,0.005,13202.22908,-13202.22908,12,20240821,sing,female
19.876,241.542085,0.005,9996.014587,-9996.014587,12,20240821,sing,female
19.881,240.497569,0.085,7257.065288,-7257.065288,12,20240821,sing,female
19.966,244.941403,0.005,5121.425725,-5121.425725,12,20240821,sing,female
19.971,247.135107,0.005,3582.196958,-3582.196958,12,20240821,sing,female
19.976,247.418882,0.005,2544.696274,-2544.696274,12,20240821,sing,female
19.981,247.644717,0.005,1882.525208,-1882.525208,12,20240821,sing,female
19.986,248.284108,0.005,1477.882347,-1477.882347,12,20240821,sing,female
19.991,248.855928,0.005,1240.882324,-1240.882324,12,20240821,sing,female
19.996,249.019371,0.005,1111.597426,-1111.597426,12,20240821,sing,female
20.001,249.272067,0.005,1052.487929,-1052.487929,12,20240821,sing,female
20.006,250.072437,0.005,1038.502237,-1038.502237,12,20240821,sing,female
20.011,250.955823,0.005,1049.558031,-1049.558031,12,20240821,sing,female
20.016,251.309329,0.005,1067.286748,-1067.286748,12,20240821,sing,female
20.021,252.033495,0.005,1075.777612,-1075.777612,12,20240821,sing,female
20.026,254.047422,0.005,1064.668925,-1064.668925,12,20240821,sing,female
20.031,256.325789,0.005,1032.144279,-1032.144279,12,20240821,sing,female
20.036,257.759862,0.005,985.2329026,-985.2329026,12,20240821,sing,female
20.041,258.079576,0.005,935.5887349,-935.5887349,12,20240821,sing,female
20.046,257.340782,0.005,890.8264881,-890.8264881,12,20240821,sing,female
20.051,256.127084,0.005,844.1356463,-844.1356463,12,20240821,sing,female
20.056,254.88026,0.005,767.1212474,-767.1212474,12,20240821,sing,female
20.061,252.916973,0.005,611.1227232,-611.1227232,12,20240821,sing,female
20.066,249.528342,0.79,319.695554,-319.695554,12,20240821,sing,female
20.856,272.360264,0.005,-149.9893181,-149.9893181,12,20240821,sing,female
20.861,272.427244,0.005,-804.2048148,-804.2048148,12,20240821,sing,female
20.866,269.373696,0.005,-1598.056662,-1598.056662,12,20240821,sing,female
20.871,264.459752,0.005,-2437.031045,-2437.031045,12,20240821,sing,female
20.876,259.813321,0.025,-3196.376564,-3196.376564,12,20240821,sing,female
20.901,240.54196,0.005,-3752.507617,-3752.507617,12,20240821,sing,female
20.906,238.837057,0.005,-4015.471004,-4015.471004,12,20240821,sing,female
20.911,235.763165,0.005,-3951.21052,-3951.21052,12,20240821,sing,female
20.916,232.040644,0.005,-3586.837273,-3586.837273,12,20240821,sing,female
20.921,230.822783,0.005,-2998.932864,-2998.932864,12,20240821,sing,female
20.926,232.230016,0.005,-2290.784917,-2290.784917,12,20240821,sing,female
20.931,233.842229,0.005,-1567.028389,-1567.028389,12,20240821,sing,female
20.936,234.531118,0.005,-913.0574032,-913.0574032,12,20240821,sing,female
20.941,234.406046,0.005,-383.1686823,-383.1686823,12,20240821,sing,female
20.946,234.418842,0.005,2.219242448,-2.219242448,12,20240821,sing,female
20.951,235.930734,0.005,252.2011419,-252.2011419,12,20240821,sing,female
20.956,238.371353,0.005,396.3945138,-396.3945138,12,20240821,sing,female
20.961,239.705441,0.005,473.4903894,-473.4903894,12,20240821,sing,female
20.966,238.60065,0.005,519.2699387,-519.2699387,12,20240821,sing,female
20.971,234.701847,0.005,556.3644607,-556.3644607,12,20240821,sing,female
20.976,231.324299,0.005,588.5185025,-588.5185025,12,20240821,sing,female
20.981,234.618352,0.005,601.7106574,-601.7106574,12,20240821,sing,female
20.986,239.930771,0.005,572.5499892,-572.5499892,12,20240821,sing,female
20.991,242.950175,0.005,481.3660723,-481.3660723,12,20240821,sing,female
20.996,244.094704,0.005,324.8574597,-324.8574597,12,20240821,sing,female
21.001,243.858128,0.005,122.6927765,-122.6927765,12,20240821,sing,female
21.006,242.18064,0.005,-85.30266799,-85.30266799,12,20240821,sing,female
21.011,238.940927,0.005,-250.704491,-250.704491,12,20240821,sing,female
21.016,235.193221,0.005,-332.2641695,-332.2641695,12,20240821,sing,female
21.021,232.200897,0.025,-309.6065323,-309.6065323,12,20240821,sing,female
21.046,235.986066,0.005,-189.6473074,-189.6473074,12,20240821,sing,female
21.051,235.398563,0.005,-3.78196802,-3.78196802,12,20240821,sing,female
21.056,236.969181,0.005,202.3606645,-202.3606645,12,20240821,sing,female
21.061,238.952583,0.005,382.2667161,-382.2667161,12,20240821,sing,female
21.066,240.409231,0.005,500.2096042,-500.2096042,12,20240821,sing,female
21.071,241.082861,0.005,537.9306479,-537.9306479,12,20240821,sing,female
21.076,241.160592,0.005,495.4111953,-495.4111953,12,20240821,sing,female
21.081,241.222044,0.005,387.0025806,-387.0025806,12,20240821,sing,female
21.086,241.375419,0.005,235.3551492,-235.3551492,12,20240821,sing,female
21.091,241.093616,0.005,65.56462941,-65.56462941,12,20240821,sing,female
21.096,240.493196,0.005,-98.93684107,-98.93684107,12,20240821,sing,female
21.101,240.297627,0.005,-238.4000156,-238.4000156,12,20240821,sing,female
21.106,240.260588,0.005,-337.2823067,-337.2823067,12,20240821,sing,female
21.111,239.468342,0.005,-384.2623252,-384.2623252,12,20240821,sing,female
21.116,238.128052,0.005,-372.5552988,-372.5552988,12,20240821,sing,female
21.121,237.22069,0.005,-300.7952096,-300.7952096,12,20240821,sing,female
21.126,237.110171,0.005,-174.1370294,-174.1370294,12,20240821,sing,female
21.131,237.201809,0.005,-4.824653477,-4.824653477,12,20240821,sing,female
21.136,236.888867,0.005,188.5735094,-188.5735094,12,20240821,sing,female
21.141,237.048352,0.005,383.7219403,-383.7219403,12,20240821,sing,female
21.146,238.51762,0.005,558.7197348,-558.7197348,12,20240821,sing,female
21.151,240.582248,0.005,697.1134478,-697.1134478,12,20240821,sing,female
21.156,242.167214,0.005,792.3628332,-792.3628332,12,20240821,sing,female
21.161,242.787852,0.005,850.2489715,-850.2489715,12,20240821,sing,female
21.166,242.392196,0.005,888.0601854,-888.0601854,12,20240821,sing,female
21.171,242.82545,0.105,930.2173069,-930.2173069,12,20240821,sing,female
21.276,244.716388,0.005,1001.120747,-1001.120747,12,20240821,sing,female
21.281,242.598286,0.005,1117.083043,-1117.083043,12,20240821,sing,female
21.286,241.14016,0.005,1279.841055,-1279.841055,12,20240821,sing,female
21.291,241.975373,0.005,1473.969766,-1473.969766,12,20240821,sing,female
21.296,244.803023,0.005,1669.437442,-1669.437442,12,20240821,sing,female
21.301,248.880802,0.005,1828.830203,-1828.830203,12,20240821,sing,female
21.306,252.228669,0.005,1917.076529,-1917.076529,12,20240821,sing,female
21.311,254.229882,0.005,1910.56078,-1910.56078,12,20240821,sing,female
21.316,255.708966,0.005,1802.777818,-1802.777818,12,20240821,sing,female
21.321,257.00979,0.005,1605.031261,-1605.031261,12,20240821,sing,female
21.326,257.767926,0.005,1342.484878,-1342.484878,12,20240821,sing,female
21.331,257.895829,0.005,1047.348615,-1047.348615,12,20240821,sing,female
21.336,257.622765,0.005,751.5829222,-751.5829222,12,20240821,sing,female
21.341,257.170395,0.005,481.1743787,-481.1743787,12,20240821,sing,female
21.346,256.791245,0.005,253.1041774,-253.1041774,12,20240821,sing,female
21.351,256.645864,0.005,75.07445294,-75.07445294,12,20240821,sing,female
21.356,256.69947,0.005,-52.74169328,-52.74169328,12,20240821,sing,female
21.361,256.613976,0.005,-135.0202728,-135.0202728,12,20240821,sing,female
21.366,256.152256,0.005,-178.6995663,-178.6995663,12,20240821,sing,female
21.371,255.608557,0.005,-191.1452518,-191.1452518,12,20240821,sing,female
21.376,255.431505,0.005,-179.2645773,-179.2645773,12,20240821,sing,female
21.381,255.438656,0.005,-149.3904435,-149.3904435,12,20240821,sing,female
21.386,255.236949,0.005,-107.5737852,-107.5737852,12,20240821,sing,female
21.391,255.166487,0.005,-59.93313385,-59.93313385,12,20240821,sing,female
21.396,255.52643,0.005,-12.82791598,-12.82791598,12,20240821,sing,female
21.401,255.717063,0.005,27.25373307,-27.25373307,12,20240821,sing,female
21.406,255.407414,0.005,54.11791324,-54.11791324,12,20240821,sing,female
21.411,255.411168,0.005,62.55847862,-62.55847862,12,20240821,sing,female
21.416,256.188712,0.005,49.19506505,-49.19506505,12,20240821,sing,female
21.421,256.932392,0.005,13.22769655,-13.22769655,12,20240821,sing,female
21.426,257.024013,0.005,-43.16521195,-43.16521195,12,20240821,sing,female
21.431,256.467281,0.005,-114.9711239,-114.9711239,12,20240821,sing,female
21.436,255.74739,0.005,-194.9935414,-194.9935414,12,20240821,sing,female
21.441,255.424356,0.005,-274.724996,-274.724996,12,20240821,sing,female
21.446,255.479262,0.005,-345.0490321,-345.0490321,12,20240821,sing,female
21.451,255.221243,0.005,-396.4963931,-396.4963931,12,20240821,sing,female
21.456,254.422111,0.005,-419.0724527,-419.0724527,12,20240821,sing,female
21.461,253.638196,0.005,-401.9524184,-401.9524184,12,20240821,sing,female
21.466,253.432487,0.005,-333.4221211,-333.4221211,12,20240821,sing,female
21.471,253.523004,0.13,-201.2890105,-201.2890105,12,20240821,sing,female
21.601,253.071118,0.005,6.230076131,-6.230076131,12,20240821,sing,female
21.606,249.509516,0.005,299.1602894,-299.1602894,12,20240821,sing,female
21.611,250.011631,0.005,683.7049043,-683.7049043,12,20240821,sing,female
21.616,253.545936,0.005,1158.918202,-1158.918202,12,20240821,sing,female
21.621,256.703674,0.005,1711.805259,-1711.805259,12,20240821,sing,female
21.626,256.577965,0.005,2311.693391,-2311.693391,12,20240821,sing,female
21.631,254.619516,0.005,2906.45318,-2906.45318,12,20240821,sing,female
21.636,253.232155,0.005,3424.278727,-3424.278727,12,20240821,sing,female
21.641,252.788154,9.519,3783.900659,-3783.900659,12,20240821,sing,female
31.16,284.142777,0.005,3912.875946,-3912.875946,12,20240821,sing,female
31.165,286.367915,0.005,3769.208646,-3769.208646,12,20240821,sing,female
31.17,287.250984,0.005,3358.439972,-3358.439972,12,20240821,sing,female
31.175,287.378674,0.005,2738.641072,-2738.641072,12,20240821,sing,female
31.18,287.039458,0.005,2009.794867,-2009.794867,12,20240821,sing,female
31.185,285.984035,0.005,1290.081434,-1290.081434,12,20240821,sing,female
31.19,282.772766,0.005,686.7250413,-686.7250413,12,20240821,sing,female
31.195,276.264428,0.005,271.0166539,-271.0166539,12,20240821,sing,female
31.2,272.033594,0.005,65.24357895,-65.24357895,12,20240821,sing,female
31.205,273.555134,0.005,44.58915827,-44.58915827,12,20240821,sing,female
31.21,277.880725,0.005,151.6454432,-151.6454432,12,20240821,sing,female
31.215,282.935783,0.005,317.1255268,-317.1255268,12,20240821,sing,female
31.22,287.861786,0.18,479.1155412,-479.1155412,12,20240821,sing,female
31.4,280.900385,0.005,595.0449463,-595.0449463,12,20240821,sing,female
31.405,281.190448,0.005,644.4434074,-644.4434074,12,20240821,sing,female
31.41,281.598029,0.005,624.5653736,-624.5653736,12,20240821,sing,female
31.415,283.307432,0.005,543.2264313,-543.2264313,12,20240821,sing,female
31.42,286.353536,0.005,412.9015714,-412.9015714,12,20240821,sing,female
31.425,287.458082,0.005,247.9424269,-247.9424269,12,20240821,sing,female
31.43,286.181578,0.005,64.27511811,-64.27511811,12,20240821,sing,female
31.435,284.636692,0.005,-120.3996689,-120.3996689,12,20240821,sing,female
31.44,283.79132,0.005,-287.599813,-287.599813,12,20240821,sing,female
31.445,283.193468,0.005,-420.6354777,-420.6354777,12,20240821,sing,female
31.45,282.304204,0.005,-507.8626569,-507.8626569,12,20240821,sing,female
31.455,281.083262,0.005,-545.1934698,-545.1934698,12,20240821,sing,female
31.46,280.102697,0.005,-536.7806422,-536.7806422,12,20240821,sing,female
31.465,279.783538,0.005,-493.6028603,-493.6028603,12,20240821,sing,female
31.47,280.039481,0.005,-430.4622231,-430.4622231,12,20240821,sing,female
31.475,280.384235,0.005,-362.3590553,-362.3590553,12,20240821,sing,female
31.48,280.487853,0.005,-301.2704828,-301.2704828,12,20240821,sing,female
31.485,280.503721,0.005,-254.1082116,-254.1082116,12,20240821,sing,female
31.49,280.393398,0.005,-222.2038433,-222.2038433,12,20240821,sing,female
31.495,279.923992,0.005,-202.2108842,-202.2108842,12,20240821,sing,female
31.5,279.41963,0.005,-187.9601695,-187.9601695,12,20240821,sing,female
31.505,279.320769,0.005,-172.65318,-172.65318,12,20240821,sing,female
31.51,279.382897,0.005,-150.8304557,-150.8304557,12,20240821,sing,female
31.515,279.117823,0.005,-119.7254471,-119.7254471,12,20240821,sing,female
31.52,278.659118,0.005,-79.79701532,-79.79701532,12,20240821,sing,female
31.525,278.471766,0.005,-34.37290247,-34.37290247,12,20240821,sing,female
31.53,278.549516,0.005,11.53345097,-11.53345097,12,20240821,sing,female
31.535,278.873897,0.005,52.98304266,-52.98304266,12,20240821,sing,female
31.54,279.685628,0.005,86.95643453,-86.95643453,12,20240821,sing,female
31.545,280.545069,0.005,113.617472,-113.617472,12,20240821,sing,female
31.55,280.595319,0.005,136.4007679,-136.4007679,12,20240821,sing,female
31.555,279.844368,0.005,160.7335265,-160.7335265,12,20240821,sing,female
31.56,279.07105,0.005,191.8172918,-191.8172918,12,20240821,sing,female
31.565,278.769607,0.005,232.4069269,-232.4069269,12,20240821,sing,female
31.57,279.120691,0.005,281.6089712,-281.6089712,12,20240821,sing,female
31.575,280.169368,0.005,335.2692417,-335.2692417,12,20240821,sing,female
31.58,281.352815,0.005,387.7393922,-387.7393922,12,20240821,sing,female
31.585,282.056706,0.005,434.1292178,-434.1292178,12,20240821,sing,female
31.59,282.224508,0.005,471.9496135,-471.9496135,12,20240821,sing,female
31.595,282.234663,0.005,501.4330407,-501.4330407,12,20240821,sing,female
31.6,282.275378,0.005,524.545506,-524.545506,12,20240821,sing,female
31.605,282.469273,0.005,543.3530928,-543.3530928,12,20240821,sing,female
31.61,283.124972,0.005,558.6322642,-558.6322642,12,20240821,sing,female
31.615,284.120716,0.005,569.3458074,-569.3458074,12,20240821,sing,female
31.62,284.86399,0.005,573.0601959,-573.0601959,12,20240821,sing,female
31.625,285.265798,0.005,566.8959022,-566.8959022,12,20240821,sing,female
31.63,285.795957,0.005,548.4335351,-548.4335351,12,20240821,sing,female
31.635,286.413219,0.005,516.1807923,-516.1807923,12,20240821,sing,female
31.64,286.597474,0.005,469.5684292,-469.5684292,12,20240821,sing,female
31.645,286.595948,0.005,408.7414635,-408.7414635,12,20240821,sing,female
31.65,287.161243,0.005,334.4737486,-334.4737486,12,20240821,sing,female
31.655,288.048133,0.005,248.3522545,-248.3522545,12,20240821,sing,female
31.66,288.294512,0.005,153.0930074,-153.0930074,12,20240821,sing,female
31.665,287.939162,0.005,52.65787479,-52.65787479,12,20240821,sing,female
31.67,287.690731,0.005,-48.12841345,-48.12841345,12,20240821,sing,female
31.675,287.556509,0.005,-144.5123092,-144.5123092,12,20240821,sing,female
31.68,287.010284,0.005,-233.0134367,-233.0134367,12,20240821,sing,female
31.685,286.088073,0.005,-312.3800399,-312.3800399,12,20240821,sing,female
31.69,285.583685,0.005,-383.7971159,-383.7971159,12,20240821,sing,female
31.695,285.79739,0.005,-450.1250302,-450.1250302,12,20240821,sing,female
31.7,285.933951,0.005,-514.3736717,-514.3736717,12,20240821,sing,female
31.705,285.492419,0.005,-577.9968286,-577.9968286,12,20240821,sing,female
31.71,284.799198,0.005,-639.7387702,-639.7387702,12,20240821,sing,female
31.715,284.048639,0.005,-695.5969596,-695.5969596,12,20240821,sing,female
31.72,283.254578,0.005,-740.0392802,-740.0392802,12,20240821,sing,female
31.725,282.253307,0.005,-768.1057703,-768.1057703,12,20240821,sing,female
31.73,280.960878,0.005,-777.6488456,-777.6488456,12,20240821,sing,female
31.735,279.754712,0.005,-770.8859969,-770.8859969,12,20240821,sing,female
31.74,279.266319,0.005,-754.6924299,-754.6924299,12,20240821,sing,female
31.745,279.494209,0.005,-739.5340722,-739.5340722,12,20240821,sing,female
31.75,279.679482,0.005,-737.4121099,-737.4121099,12,20240821,sing,female
31.755,279.48521,0.005,-759.4392477,-759.4392477,12,20240821,sing,female
31.76,278.729154,0.005,-813.6076195,-813.6076195,12,20240821,sing,female
31.765,277.466005,0.005,-903.0485053,-903.0485053,12,20240821,sing,female
31.77,276.751829,0.005,-1024.864459,-1024.864459,12,20240821,sing,female
31.775,276.818758,0.005,-1169.624989,-1169.624989,12,20240821,sing,female
31.78,278.020416,0.005,-1321.826631,-1321.826631,12,20240821,sing,female
31.785,272.975275,0.005,-1461.763996,-1461.763996,12,20240821,sing,female
31.79,272.796249,0.005,-1569.037493,-1569.037493,12,20240821,sing,female
31.795,272.850739,0.005,-1627.267576,-1627.267576,12,20240821,sing,female
31.8,264.333497,0.005,-1628.79785,-1628.79785,12,20240821,sing,female
31.805,264.485404,0.005,-1577.775459,-1577.775459,12,20240821,sing,female
31.81,265.004359,0.005,-1490.376119,-1490.376119,12,20240821,sing,female
31.815,265.325275,0.005,-1391.999048,-1391.999048,12,20240821,sing,female
31.82,265.4451,0.005,-1312.418847,-1312.418847,12,20240821,sing,female
31.825,265.662534,0.03,-1280.457524,-1280.457524,12,20240821,sing,female
31.855,262.24756,0.005,-1319.428319,-1319.428319,12,20240821,sing,female
31.86,261.480912,0.005,-1443.737474,-1443.737474,12,20240821,sing,female
31.865,262.64902,0.005,-1656.349449,-1656.349449,12,20240821,sing,female
31.87,262.552943,0.005,-1946.898204,-1946.898204,12,20240821,sing,female
31.875,260.846745,0.005,-2290.984407,-2290.984407,12,20240821,sing,female
31.88,259.368789,0.005,-2651.904479,-2651.904479,12,20240821,sing,female
31.885,257.330042,0.005,-2985.851973,-2985.851973,12,20240821,sing,female
31.89,252.162395,0.005,-3250.224986,-3250.224986,12,20240821,sing,female
31.895,243.824843,0.005,-3412.704878,-3412.704878,12,20240821,sing,female
31.9,240.043979,0.005,-3457.521246,-3457.521246,12,20240821,sing,female
31.905,238.744311,0.005,-3385.890192,-3385.890192,12,20240821,sing,female
31.91,238.778249,0.005,-3210.109854,-3210.109854,12,20240821,sing,female
31.915,239.819838,0.005,-2944.060993,-2944.060993,12,20240821,sing,female
31.92,238.336197,0.005,-2595.041508,-2595.041508,12,20240821,sing,female
31.925,234.636173,0.005,-2161.527704,-2161.527704,12,20240821,sing,female
31.93,230.870632,0.005,-1638.534123,-1638.534123,12,20240821,sing,female
31.935,227.40673,0.005,-1028.18895,-1028.18895,12,20240821,sing,female
31.94,225.525019,0.005,-350.1325817,-350.1325817,12,20240821,sing,female
31.945,227.402256,0.005,353.961144,-353.961144,12,20240821,sing,female
31.95,231.542059,0.005,1024.849501,-1024.849501,12,20240821,sing,female
31.955,235.53422,0.005,1598.115123,-1598.115123,12,20240821,sing,female
31.96,239.027954,0.005,2019.777102,-2019.777102,12,20240821,sing,female
31.965,242.553626,0.005,2258.989023,-2258.989023,12,20240821,sing,female
31.97,246.228484,0.005,2313.090236,-2313.090236,12,20240821,sing,female
31.975,247.988569,0.005,2203.728754,-2203.728754,12,20240821,sing,female
31.98,246.23006,0.005,1966.631625,-1966.631625,12,20240821,sing,female
31.985,244.185864,0.005,1640.088346,-1640.088346,12,20240821,sing,female
31.99,244.905102,0.005,1257.223493,-1257.223493,12,20240821,sing,female
31.995,249.748485,0.005,844.7231025,-844.7231025,12,20240821,sing,female
32,253.652525,0.005,427.0757972,-427.0757972,12,20240821,sing,female
32.005,251.819301,0.005,32.43073542,-32.43073542,12,20240821,sing,female
32.01,249.098759,0.005,-304.6240889,-304.6240889,12,20240821,sing,female
32.015,246.906687,0.005,-546.3120444,-546.3120444,12,20240821,sing,female
32.02,244.208651,0.005,-660.5504091,-660.5504091,12,20240821,sing,female
32.025,241.17527,0.005,-631.8754672,-631.8754672,12,20240821,sing,female
32.03,239.702592,0.005,-469.3843302,-469.3843302,12,20240821,sing,female
32.035,239.709473,0.005,-207.6604443,-207.6604443,12,20240821,sing,female
32.04,240.206378,0.005,100.4437076,-100.4437076,12,20240821,sing,female
32.045,242.502329,0.005,396.8528313,-396.8528313,12,20240821,sing,female
32.05,249.058854,0.005,632.4380708,-632.4380708,12,20240821,sing,female
32.055,253.226876,0.005,777.3296482,-777.3296482,12,20240821,sing,female
32.06,247.760574,0.005,824.2966362,-824.2966362,12,20240821,sing,female
32.065,244.764395,0.005,785.1945168,-785.1945168,12,20240821,sing,female
32.07,246.210598,0.005,683.1710204,-683.1710204,12,20240821,sing,female
32.075,250.989587,0.005,544.3711251,-544.3711251,12,20240821,sing,female
32.08,253.05943,0.005,392.0556136,-392.0556136,12,20240821,sing,female
32.085,249.480989,0.005,244.1688735,-244.1688735,12,20240821,sing,female
32.09,247.217443,0.005,113.6748633,-113.6748633,12,20240821,sing,female
32.095,247.594028,0.005,10.19607645,-10.19607645,12,20240821,sing,female
32.1,249.054285,0.005,-58.40611124,-58.40611124,12,20240821,sing,female
32.105,249.776328,0.005,-85.39693237,-85.39693237,12,20240821,sing,female
32.11,249.025036,0.005,-65.9045759,-65.9045759,12,20240821,sing,female
32.115,247.889173,0.005,1.029584716,-1.029584716,12,20240821,sing,female
32.12,247.001355,0.005,109.8345592,-109.8345592,12,20240821,sing,female
32.125,245.825214,0.005,246.7726967,-246.7726967,12,20240821,sing,female
32.13,245.277831,0.005,391.2121567,-391.2121567,12,20240821,sing,female
32.135,247.695153,0.005,521.1222332,-521.1222332,12,20240821,sing,female
32.14,251.787169,0.005,622.3575247,-622.3575247,12,20240821,sing,female
32.145,253.553152,0.005,699.0006726,-699.0006726,12,20240821,sing,female
32.15,253.466002,0.005,780.2687377,-780.2687377,12,20240821,sing,female
32.155,253.66714,0.005,919.3279334,-919.3279334,12,20240821,sing,female
32.16,253.263416,0.005,1181.369403,-1181.369403,12,20240821,sing,female
32.165,252.015879,0.005,1622.208089,-1622.208089,12,20240821,sing,female
32.17,249.75224,0.005,2263.272854,-2263.272854,12,20240821,sing,female
32.175,246.173429,0.005,3072.203684,-3072.203684,12,20240821,sing,female
32.18,242.472699,0.005,3958.309409,-3958.309409,12,20240821,sing,female
32.185,240.079174,0.1,4787.833876,-4787.833876,12,20240821,sing,female
32.285,286.552531,0.005,5416.372688,-5416.372688,12,20240821,sing,female
32.29,288.702587,0.005,5728.092692,-5728.092692,12,20240821,sing,female
32.295,292.804143,0.005,5667.612933,-5667.612933,12,20240821,sing,female
32.3,294.684479,0.005,5252.904764,-5252.904764,12,20240821,sing,female
32.305,294.697065,0.005,4565.439975,-4565.439975,12,20240821,sing,female
32.31,295.070033,0.005,3723.117113,-3723.117113,12,20240821,sing,female
32.315,295.532208,0.005,2847.569803,-2847.569803,12,20240821,sing,female
32.32,295.721834,0.005,2037.694583,-2037.694583,12,20240821,sing,female
32.325,295.906462,0.005,1356.376587,-1356.376587,12,20240821,sing,female
32.33,296.174686,0.005,830.6691375,-830.6691375,12,20240821,sing,female
32.335,296.076956,0.005,460.6101877,-460.6101877,12,20240821,sing,female
32.34,295.689696,0.005,230.312594,-230.312594,12,20240821,sing,female
32.345,295.054505,0.005,116.6319872,-116.6319872,12,20240821,sing,female
32.35,293.485659,0.005,93.83974878,-93.83974878,12,20240821,sing,female
32.355,291.820129,0.005,135.3742016,-135.3742016,12,20240821,sing,female
32.36,292.498327,0.005,214.7681207,-214.7681207,12,20240821,sing,female
32.365,295.512397,0.005,307.2295428,-307.2295428,12,20240821,sing,female
32.37,297.909848,0.005,391.9157687,-391.9157687,12,20240821,sing,female
32.375,298.103271,0.005,453.7829133,-453.7829133,12,20240821,sing,female
32.38,297.336408,0.005,483.7560095,-483.7560095,12,20240821,sing,female
32.385,297.071948,0.005,476.8630259,-476.8630259,12,20240821,sing,female
32.39,297.166323,0.005,429.2588036,-429.2588036,12,20240821,sing,female
32.395,297.483611,0.005,335.8631552,-335.8631552,12,20240821,sing,female
32.4,298.709765,0.005,190.1274557,-190.1274557,12,20240821,sing,female
32.405,300.703381,0.005,-13.64163356,-13.64163356,12,20240821,sing,female
32.41,302.1741,0.005,-276.2810895,-276.2810895,12,20240821,sing,female
32.415,301.432442,0.005,-589.7931992,-589.7931992,12,20240821,sing,female
32.42,298.619762,0.005,-935.0965733,-935.0965733,12,20240821,sing,female
32.425,296.686096,0.005,-1282.578948,-1282.578948,12,20240821,sing,female
32.43,296.469257,0.005,-1595.679494,-1595.679494,12,20240821,sing,female
32.435,295.279073,0.005,-1836.991861,-1836.991861,12,20240821,sing,female
32.44,290.503111,0.005,-1975.809177,-1975.809177,12,20240821,sing,female
32.445,284.926176,0.005,-1995.551051,-1995.551051,12,20240821,sing,female
32.45,281.582555,0.005,-1899.168501,-1899.168501,12,20240821,sing,female
32.455,280.279283,0.005,-1710.670277,-1710.670277,12,20240821,sing,female
32.46,280.82356,0.005,-1471.626289,-1471.626289,12,20240821,sing,female
32.465,281.795579,0.005,-1232.876714,-1232.876714,12,20240821,sing,female
32.47,282.430634,0.005,-1043.301624,-1043.301624,12,20240821,sing,female
32.475,282.81506,0.005,-938.7362675,-938.7362675,12,20240821,sing,female
32.48,283.484758,0.005,-934.3787712,-934.3787712,12,20240821,sing,female
32.485,284.673979,0.005,-1023.095342,-1023.095342,12,20240821,sing,female
32.49,284.659078,0.005,-1180.086374,-1180.086374,12,20240821,sing,female
32.495,280.803515,0.005,-1372.050116,-1372.050116,12,20240821,sing,female
32.5,274.351565,0.005,-1567.171186,-1567.171186,12,20240821,sing,female
32.505,271.149827,0.005,-1741.877236,-1741.877236,12,20240821,sing,female
32.51,272.135794,0.005,-1881.798285,-1881.798285,12,20240821,sing,female
32.515,274.269736,0.005,-1977.279858,-1977.279858,12,20240821,sing,female
32.52,275.178037,0.005,-2016.767917,-2016.767917,12,20240821,sing,female
32.525,273.716707,0.005,-1982.730392,-1982.730392,12,20240821,sing,female
32.53,266.566859,0.005,-1853.568686,-1853.568686,12,20240821,sing,female
32.535,259.942811,0.005,-1611.720383,-1611.720383,12,20240821,sing,female
32.54,258.113514,0.005,-1254.640858,-1254.640858,12,20240821,sing,female
32.545,258.554272,0.005,-803.5393235,-803.5393235,12,20240821,sing,female
32.55,260.908864,0.005,-305.5526982,-305.5526982,12,20240821,sing,female
32.555,262.33437,0.005,172.1540749,-172.1540749,12,20240821,sing,female
32.56,263.784718,0.005,554.6907916,-554.6907916,12,20240821,sing,female
32.565,266.460982,0.005,774.4360358,-774.4360358,12,20240821,sing,female
32.57,269.857413,0.005,784.6976985,-784.6976985,12,20240821,sing,female
32.575,273.621331,0.005,569.0354658,-569.0354658,12,20240821,sing,female
32.58,276.437849,0.005,144.7677304,-144.7677304,12,20240821,sing,female
32.585,274.939086,0.005,-439.4406032,-439.4406032,12,20240821,sing,female
32.59,271.22302,0.005,-1111.051108,-1111.051108,12,20240821,sing,female
32.595,268.457744,0.005,-1784.75465,-1784.75465,12,20240821,sing,female
32.6,266.471778,0.005,-2375.480135,-2375.480135,12,20240821,sing,female
32.605,262.584871,0.005,-2811.460547,-2811.460547,12,20240821,sing,female
32.61,255.876797,0.005,-3045.450926,-3045.450926,12,20240821,sing,female
32.615,250.386207,0.005,-3062.177675,-3062.177675,12,20240821,sing,female
32.62,247.413482,0.005,-2880.267907,-2880.267907,12,20240821,sing,female
32.625,245.673369,0.005,-2547.555628,-2547.555628,12,20240821,sing,female
32.63,244.926848,0.005,-2130.009189,-2130.009189,12,20240821,sing,female
32.635,246.062006,0.005,-1696.41205,-1696.41205,12,20240821,sing,female
32.64,249.073184,0.005,-1302.694801,-1302.694801,12,20240821,sing,female
32.645,250.648469,0.005,-980.5373725,-980.5373725,12,20240821,sing,female
32.65,249.561978,0.005,-733.8712088,-733.8712088,12,20240821,sing,female
32.655,247.714484,0.005,-544.2914119,-544.2914119,12,20240821,sing,female
32.66,245.631681,0.005,-383.0867988,-383.0867988,12,20240821,sing,female
32.665,243.307208,0.005,-225.0556534,-225.0556534,12,20240821,sing,female
32.67,241.934955,0.005,-58.7248936,-58.7248936,12,20240821,sing,female
32.675,243.50741,0.005,110.6342535,-110.6342535,12,20240821,sing,female
32.68,247.261779,0.005,265.5056088,-265.5056088,12,20240821,sing,female
32.685,249.691063,0.005,385.2207728,-385.2207728,12,20240821,sing,female
32.69,250.073953,0.005,455.092982,-455.092982,12,20240821,sing,female
32.695,249.45048,0.005,471.6848712,-471.6848712,12,20240821,sing,female
32.7,248.498156,0.005,442.6841809,-442.6841809,12,20240821,sing,female
32.705,247.966374,0.005,382.579371,-382.579371,12,20240821,sing,female
32.71,248.3622,0.005,306.9599873,-306.9599873,12,20240821,sing,female
32.715,249.397431,0.005,228.1702942,-228.1702942,12,20240821,sing,female
32.72,250.16553,0.005,153.6244059,-153.6244059,12,20240821,sing,female
32.725,250.095332,0.005,86.41669041,-86.41669041,12,20240821,sing,female
32.73,249.576969,0.005,26.92821358,-26.92821358,12,20240821,sing,female
32.735,248.892771,0.005,-25.72838558,-25.72838558,12,20240821,sing,female
32.74,248.396422,0.005,-72.78051162,-72.78051162,12,20240821,sing,female
32.745,248.424367,0.005,-115.0307467,-115.0307467,12,20240821,sing,female
32.75,248.899771,0.005,-151.8223871,-151.8223871,12,20240821,sing,female
32.755,249.589546,0.005,-179.8234171,-179.8234171,12,20240821,sing,female
32.76,249.929734,0.005,-192.3380207,-192.3380207,12,20240821,sing,female
32.765,249.205428,0.005,-180.0020509,-180.0020509,12,20240821,sing,female
32.77,247.339442,0.005,-133.1692674,-133.1692674,12,20240821,sing,female
32.775,246.07836,0.005,-45.33418777,-45.33418777,12,20240821,sing,female
32.78,246.282037,0.005,83.8364623,-83.8364623,12,20240821,sing,female
32.785,246.604949,0.005,247.3667986,-247.3667986,12,20240821,sing,female
32.79,247.202041,0.005,432.5121199,-432.5121199,12,20240821,sing,female
32.795,248.817081,0.005,624.6074073,-624.6074073,12,20240821,sing,female
32.8,250.305578,0.005,811.8509191,-811.8509191,12,20240821,sing,female
32.805,250.75694,0.005,989.2423379,-989.2423379,12,20240821,sing,female
32.81,251.03039,0.005,1160.18706,-1160.18706,12,20240821,sing,female
32.815,252.331786,0.005,1335.058869,-1335.058869,12,20240821,sing,female
32.82,253.897657,0.005,1526.955222,-1526.955222,12,20240821,sing,female
32.825,254.368653,0.005,1745.723639,-1745.723639,12,20240821,sing,female
32.83,254.180034,0.005,1991.936688,-1991.936688,12,20240821,sing,female
32.835,254.738793,0.005,2252.738963,-2252.738963,12,20240821,sing,female
32.84,257.067631,0.005,2501.257342,-2501.257342,12,20240821,sing,female
32.845,260.932859,0.005,2700.468839,-2700.468839,12,20240821,sing,female
32.85,265.248926,0.005,2811.139768,-2811.139768,12,20240821,sing,female
32.855,269.319073,0.005,2802.014279,-2802.014279,12,20240821,sing,female
32.86,272.895873,0.005,2659.346154,-2659.346154,12,20240821,sing,female
32.865,276.019188,0.005,2392.624928,-2392.624928,12,20240821,sing,female
32.87,278.569408,0.005,2034.203532,-2034.203532,12,20240821,sing,female
32.875,279.58625,0.005,1632.369668,-1632.369668,12,20240821,sing,female
32.88,277.367566,0.005,1239.685518,-1239.685518,12,20240821,sing,female
32.885,273.649927,0.005,900.3082469,-900.3082469,12,20240821,sing,female
32.89,271.888166,0.005,640.617563,-640.617563,12,20240821,sing,female
32.895,272.627332,0.005,466.321435,-466.321435,12,20240821,sing,female
32.9,275.223132,0.005,366.5694264,-366.5694264,12,20240821,sing,female
32.905,278.642877,0.005,322.5997692,-322.5997692,12,20240821,sing,female
32.91,280.189687,0.005,316.5849908,-316.5849908,12,20240821,sing,female
32.915,278.179471,0.005,336.6644571,-336.6644571,12,20240821,sing,female
32.92,275.360299,0.005,376.5340959,-376.5340959,12,20240821,sing,female
32.925,273.699372,0.005,431.0694762,-431.0694762,12,20240821,sing,female
32.93,273.799054,0.005,491.5112794,-491.5112794,12,20240821,sing,female
32.935,276.522506,0.005,543.6209705,-543.6209705,12,20240821,sing,female
32.94,281.340439,0.005,570.1576124,-570.1576124,12,20240821,sing,female
32.945,283.05737,0.005,556.4095678,-556.4095678,12,20240821,sing,female
32.95,281.024101,0.005,495.9035361,-495.9035361,12,20240821,sing,female
32.955,279.847683,0.005,393.5647059,-393.5647059,12,20240821,sing,female
32.96,280.662344,0.005,265.1207108,-265.1207108,12,20240821,sing,female
32.965,282.346244,0.005,133.3470099,-133.3470099,12,20240821,sing,female
32.97,281.881992,0.005,22.89094598,-22.89094598,12,20240821,sing,female
32.975,279.608806,0.005,-44.41688712,-44.41688712,12,20240821,sing,female
32.98,278.202943,0.005,-52.38666185,-52.38666185,12,20240821,sing,female
32.985,277.715392,0.005,9.110068386,-9.110068386,12,20240821,sing,female
32.99,277.887434,0.005,145.7292828,-145.7292828,12,20240821,sing,female
32.995,278.901405,0.005,360.9365312,-360.9365312,12,20240821,sing,female
33,280.048734,0.005,657.0291685,-657.0291685,12,20240821,sing,female
33.005,280.585338,0.005,1033.11899,-1033.11899,12,20240821,sing,female
33.01,281.022504,0.005,1479.694163,-1479.694163,12,20240821,sing,female
33.015,281.378306,0.005,1971.739387,-1971.739387,12,20240821,sing,female
33.02,280.519466,0.005,2464.519071,-2464.519071,12,20240821,sing,female
33.025,278.149794,0.005,2896.393674,-2896.393674,12,20240821,sing,female
33.03,276.006719,0.17,3200.516626,-3200.516626,12,20240821,sing,female
33.2,319.019158,0.005,3322.722934,-3322.722934,12,20240821,sing,female
33.205,313.565938,0.005,3238.806088,-3238.806088,12,20240821,sing,female
33.21,309.043554,0.005,2963.410097,-2963.410097,12,20240821,sing,female
33.215,306.187813,0.005,2546.03435,-2546.03435,12,20240821,sing,female
33.22,304.846227,0.005,2055.611407,-2055.611407,12,20240821,sing,female
33.225,305.049189,0.005,1560.396529,-1560.396529,12,20240821,sing,female
33.23,306.92406,0.005,1111.500353,-1111.500353,12,20240821,sing,female
33.235,309.345282,0.005,735.6520947,-735.6520947,12,20240821,sing,female
33.24,310.522847,0.005,437.6934859,-437.6934859,12,20240821,sing,female
33.245,309.573196,0.005,208.9854464,-208.9854464,12,20240821,sing,female
33.25,307.633457,0.005,36.49647232,-36.49647232,12,20240821,sing,female
33.255,306.538945,0.005,-91.13958822,-91.13958822,12,20240821,sing,female
33.26,306.590765,0.005,-181.5028524,-181.5028524,12,20240821,sing,female
33.265,306.99922,0.005,-238.9295544,-238.9295544,12,20240821,sing,female
33.27,306.940564,0.005,-265.8465365,-265.8465365,12,20240821,sing,female
33.275,306.49018,0.005,-263.7316573,-263.7316573,12,20240821,sing,female
33.28,305.97734,0.005,-233.5789369,-233.5789369,12,20240821,sing,female
33.285,305.429157,0.005,-176.3135542,-176.3135542,12,20240821,sing,female
33.29,304.858275,0.005,-93.4767319,-93.4767319,12,20240821,sing,female
33.295,304.512548,0.005,11.98193129,-11.98193129,12,20240821,sing,female
33.3,304.61016,0.005,135.3110737,-135.3110737,12,20240821,sing,female
33.305,305.119613,0.005,270.3879894,-270.3879894,12,20240821,sing,female
33.31,305.988188,0.005,410.9528414,-410.9528414,12,20240821,sing,female
33.315,307.176131,0.005,552.1248203,-552.1248203,12,20240821,sing,female
33.32,308.241203,0.005,691.4431129,-691.4431129,12,20240821,sing,female
33.325,308.56005,0.005,828.8497104,-828.8497104,12,20240821,sing,female
33.33,308.51431,0.005,965.5062505,-965.5062505,12,20240821,sing,female
33.335,309.058094,0.005,1101.846129,-1101.846129,12,20240821,sing,female
33.34,310.592096,0.005,1235.550568,-1235.550568,12,20240821,sing,female
33.345,312.678705,0.005,1360.119413,-1360.119413,12,20240821,sing,female
33.35,314.54645,0.005,1464.491281,-1464.491281,12,20240821,sing,female
33.355,315.874486,0.005,1533.916653,-1533.916653,12,20240821,sing,female
33.36,316.838908,0.005,1552.066512,-1552.066512,12,20240821,sing,female
33.365,318.258852,0.005,1504.086814,-1504.086814,12,20240821,sing,female
33.37,321.612416,0.005,1379.899024,-1379.899024,12,20240821,sing,female
33.375,326.757437,0.005,1176.606483,-1176.606483,12,20240821,sing,female
33.38,328.043487,0.005,898.7442641,-898.7442641,12,20240821,sing,female
33.385,326.068224,0.005,555.6828707,-555.6828707,12,20240821,sing,female
33.39,324.04204,0.005,156.8130086,-156.8130086,12,20240821,sing,female
33.395,323.043614,0.005,-293.2930104,-293.2930104,12,20240821,sing,female
33.4,322.990839,0.005,-796.6284116,-796.6284116,12,20240821,sing,female
33.405,322.82933,0.005,-1357.865588,-1357.865588,12,20240821,sing,female
33.41,321.723687,0.005,-1974.591185,-1974.591185,12,20240821,sing,female
33.415,319.899684,0.005,-2624.723921,-2624.723921,12,20240821,sing,female
33.42,319.295205,0.005,-3256.943474,-3256.943474,12,20240821,sing,female
33.425,321.947149,0.005,-3790.440819,-3790.440819,12,20240821,sing,female
33.43,326.11083,11.383,-4127.537862,-4127.537862,12,20240821,sing,female
44.813,281.543099,0.005,-4177.386537,-4177.386537,12,20240821,sing,female
44.818,280.293522,0.005,-3883.397509,-3883.397509,12,20240821,sing,female
44.823,279.367598,0.005,-3244.232197,-3244.232197,12,20240821,sing,female
44.828,279.915116,0.005,-2319.946791,-2319.946791,12,20240821,sing,female
44.833,282.497541,0.005,-1220.598595,-1220.598595,12,20240821,sing,female
44.838,286.179451,0.005,-81.4722711,-81.4722711,12,20240821,sing,female
44.843,289.68453,0.005,966.329899,-966.329899,12,20240821,sing,female
44.848,293.509263,0.005,1820.762375,-1820.762375,12,20240821,sing,female
44.853,299.136479,0.005,2423.206018,-2423.206018,12,20240821,sing,female
44.858,303.728053,0.005,2760.942137,-2760.942137,12,20240821,sing,female
44.863,306.752503,0.005,2859.970402,-2859.970402,12,20240821,sing,female
44.868,310.985843,0.005,2772.015514,-2772.015514,12,20240821,sing,female
44.873,313.100246,0.005,2559.499291,-2559.499291,12,20240821,sing,female
44.878,311.895219,0.005,2281.508751,-2281.508751,12,20240821,sing,female
44.883,310.779778,0.005,1983.069904,-1983.069904,12,20240821,sing,female
44.888,311.41077,0.005,1689.370835,-1689.370835,12,20240821,sing,female
44.893,313.843879,0.005,1405.625183,-1405.625183,12,20240821,sing,female
44.898,317.244969,0.005,1121.888692,-1121.888692,12,20240821,sing,female
44.903,319.290898,0.005,820.7168515,-820.7168515,12,20240821,sing,female
44.908,319.198613,0.005,484.7956477,-484.7956477,12,20240821,sing,female
44.913,319.729124,0.005,102.1230744,-102.1230744,12,20240821,sing,female
44.918,320.562275,0.005,-332.1329199,-332.1329199,12,20240821,sing,female
44.923,317.277286,0.005,-816.1039476,-816.1039476,12,20240821,sing,female
44.928,313.543235,0.005,-1341.884076,-1341.884076,12,20240821,sing,female
44.933,313.61228,0.005,-1894.553228,-1894.553228,12,20240821,sing,female
44.938,315.14064,0.005,-2449.362745,-2449.362745,12,20240821,sing,female
44.943,313.46977,0.005,-2968.920461,-2968.920461,12,20240821,sing,female
44.948,308.044613,0.005,-3403.373371,-3403.373371,12,20240821,sing,female
44.953,301.627053,0.005,-3695.988914,-3695.988914,12,20240821,sing,female
44.958,294.729516,0.005,-3794.254587,-3794.254587,12,20240821,sing,female
44.963,286.763139,0.005,-3663.730379,-3663.730379,12,20240821,sing,female
44.968,279.606724,0.005,-3299.922945,-3299.922945,12,20240821,sing,female
44.973,277.620912,0.005,-2733.532724,-2733.532724,12,20240821,sing,female
44.978,278.61753,0.005,-2026.633618,-2026.633618,12,20240821,sing,female
44.983,279.203623,0.04,-1260.654636,-1260.654636,12,20240821,sing,female
45.023,284.261604,0.005,-519.8932054,-519.8932054,12,20240821,sing,female
45.028,284.616123,0.005,124.5170272,-124.5170272,12,20240821,sing,female
45.033,285.660432,0.005,626.0019215,-626.0019215,12,20240821,sing,female
45.038,287.398744,0.005,967.1100789,-967.1100789,12,20240821,sing,female
45.043,290.01743,0.005,1157.200889,-1157.200889,12,20240821,sing,female
45.048,293.519931,0.005,1224.775276,-1224.775276,12,20240821,sing,female
45.053,295.415346,0.005,1206.820662,-1206.820662,12,20240821,sing,female
45.058,292.278039,0.005,1137.966558,-1137.966558,12,20240821,sing,female
45.063,289.354668,0.005,1042.372117,-1042.372117,12,20240821,sing,female
45.068,289.985196,0.005,930.7913226,-930.7913226,12,20240821,sing,female
45.073,292.758449,0.005,803.7594101,-803.7594101,12,20240821,sing,female
45.078,296.800794,0.005,659.4161706,-659.4161706,12,20240821,sing,female
45.083,301.454801,0.005,502.1166175,-502.1166175,12,20240821,sing,female
45.088,303.486357,0.005,347.144745,-347.144745,12,20240821,sing,female
45.093,297.416953,0.005,218.4665915,-218.4665915,12,20240821,sing,female
45.098,290.976785,0.005,140.039626,-140.039626,12,20240821,sing,female
45.103,289.234994,0.005,124.8581647,-124.8581647,12,20240821,sing,female
45.108,290.388442,0.005,167.4732137,-167.4732137,12,20240821,sing,female
45.113,293.358437,0.005,244.1166915,-244.1166915,12,20240821,sing,female
45.118,297.042369,0.005,320.615748,-320.615748,12,20240821,sing,female
45.123,300.058111,0.005,364.2658089,-364.2658089,12,20240821,sing,female
45.128,301.35139,0.005,354.0310883,-354.0310883,12,20240821,sing,female
45.133,300.023023,0.005,284.7704347,-284.7704347,12,20240821,sing,female
45.138,296.729771,0.005,164.6834669,-164.6834669,12,20240821,sing,female
45.143,294.88187,0.005,8.687613016,-8.687613016,12,20240821,sing,female
45.148,296.01549,0.005,-168.0050913,-168.0050913,12,20240821,sing,female
45.153,298.280516,0.005,-352.8925281,-352.8925281,12,20240821,sing,female
45.158,299.632749,0.005,-535.2736598,-535.2736598,12,20240821,sing,female
45.163,298.922975,0.005,-703.5221408,-703.5221408,12,20240821,sing,female
45.168,296.119591,0.005,-843.5738276,-843.5738276,12,20240821,sing,female
45.173,293.09433,0.005,-940.5715571,-940.5715571,12,20240821,sing,female
45.178,291.211902,0.005,-983.3666684,-983.3666684,12,20240821,sing,female
45.183,289.44272,0.005,-969.6231983,-969.6231983,12,20240821,sing,female
45.188,287.938351,0.005,-908.7230161,-908.7230161,12,20240821,sing,female
45.193,288.557502,0.005,-820.7215715,-820.7215715,12,20240821,sing,female
45.198,289.708578,0.005,-731.5435682,-731.5435682,12,20240821,sing,female
45.203,290.481015,0.005,-666.3347499,-666.3347499,12,20240821,sing,female
45.208,290.610823,0.005,-643.5491562,-643.5491562,12,20240821,sing,female
45.213,289.859216,0.005,-671.7531412,-671.7531412,12,20240821,sing,female
45.218,288.550437,0.005,-749.7272628,-749.7272628,12,20240821,sing,female
45.223,287.478598,0.005,-869.0319152,-869.0319152,12,20240821,sing,female
45.228,286.937195,0.005,-1017.4445,-1017.4445,12,20240821,sing,female
45.233,286.412073,0.005,-1181.813005,-1181.813005,12,20240821,sing,female
45.238,285.320353,0.005,-1349.654176,-1349.654176,12,20240821,sing,female
45.243,283.66494,0.005,-1509.722309,-1509.722309,12,20240821,sing,female
45.248,281.929548,0.005,-1652.289347,-1652.289347,12,20240821,sing,female
45.253,280.361569,0.005,-1769.794602,-1769.794602,12,20240821,sing,female
45.258,278.359867,0.005,-1857.979079,-1857.979079,12,20240821,sing,female
45.263,275.827362,0.005,-1916.985091,-1916.985091,12,20240821,sing,female
45.268,273.587222,0.005,-1951.569853,-1951.569853,12,20240821,sing,female
45.273,272.348141,0.005,-1969.770392,-1969.770392,12,20240821,sing,female
45.278,271.899267,0.005,-1980.005135,-1980.005135,12,20240821,sing,female
45.283,271.421571,0.005,-1987.393174,-1987.393174,12,20240821,sing,female
45.288,270.142025,0.005,-1990.610264,-1990.610264,12,20240821,sing,female
45.293,267.926738,0.005,-1980.596577,-1980.596577,12,20240821,sing,female
45.298,265.446026,0.005,-1941.876492,-1941.876492,12,20240821,sing,female
45.303,263.21585,0.005,-1856.404155,-1856.404155,12,20240821,sing,female
45.308,261.299343,0.005,-1709.063956,-1709.063956,12,20240821,sing,female
45.313,259.764162,0.005,-1493.46941,-1493.46941,12,20240821,sing,female
45.318,258.497713,0.005,-1216.54995,-1216.54995,12,20240821,sing,female
45.323,257.305056,0.005,-900.516142,-900.516142,12,20240821,sing,female
45.328,256.105482,0.005,-581.1317111,-581.1317111,12,20240821,sing,female
45.333,255.970448,0.005,-301.8890707,-301.8890707,12,20240821,sing,female
45.338,258.845837,0.005,-104.74708,-104.74708,12,20240821,sing,female
45.343,263.537429,0.005,-19.36228747,-19.36228747,12,20240821,sing,female
45.348,265.373259,0.005,-53.74156518,-53.74156518,12,20240821,sing,female
45.353,264.224599,0.005,-189.3950455,-189.3950455,12,20240821,sing,female
45.358,262.418995,0.005,-383.0888038,-383.0888038,12,20240821,sing,female
45.363,261.104667,0.005,-575.4196315,-575.4196315,12,20240821,sing,female
45.368,259.754536,0.005,-704.3219976,-704.3219976,12,20240821,sing,female
45.373,257.14532,0.005,-720.0266759,-720.0266759,12,20240821,sing,female
45.378,252.863295,0.005,-597.4397413,-597.4397413,12,20240821,sing,female
45.383,250.057607,0.005,-342.5387341,-342.5387341,12,20240821,sing,female
45.388,251.83457,0.005,9.008545773,-9.008545773,12,20240821,sing,female
45.393,254.840769,0.005,400.6471684,-400.6471684,12,20240821,sing,female
45.398,257.16143,0.005,768.7119813,-768.7119813,12,20240821,sing,female
45.403,259.506091,0.005,1057.337724,-1057.337724,12,20240821,sing,female
45.408,262.509796,0.005,1230.453787,-1230.453787,12,20240821,sing,female
45.413,265.196584,0.005,1277.88751,-1277.88751,12,20240821,sing,female
45.418,265.765135,0.005,1214.562131,-1214.562131,12,20240821,sing,female
45.423,265.04414,0.005,1073.889162,-1073.889162,12,20240821,sing,female
45.428,264.688676,0.005,897.9585047,-897.9585047,12,20240821,sing,female
45.433,264.78684,0.005,727.5703525,-727.5703525,12,20240821,sing,female
45.438,264.819448,0.005,594.550551,-594.550551,12,20240821,sing,female
45.443,264.583608,0.005,517.5676587,-517.5676587,12,20240821,sing,female
45.448,264.389899,0.005,501.4071759,-501.4071759,12,20240821,sing,female
45.453,264.598319,0.005,538.8207006,-538.8207006,12,20240821,sing,female
45.458,265.162677,0.005,613.8253538,-613.8253538,12,20240821,sing,female
45.463,265.885902,0.005,705.5491459,-705.5491459,12,20240821,sing,female
45.468,266.813324,0.005,792.1002622,-792.1002622,12,20240821,sing,female
45.473,268.014119,0.005,854.1994909,-854.1994909,12,20240821,sing,female
45.478,269.436143,0.005,878.3286921,-878.3286921,12,20240821,sing,female
45.483,270.780993,0.005,858.9826971,-858.9826971,12,20240821,sing,female
45.488,271.898337,0.005,799.4707971,-799.4707971,12,20240821,sing,female
45.493,272.825263,0.005,710.8142259,-710.8142259,12,20240821,sing,female
45.498,272.977416,0.005,608.7256226,-608.7256226,12,20240821,sing,female
45.503,271.859252,0.005,509.327669,-509.327669,12,20240821,sing,female
45.508,270.891607,0.005,424.8724223,-424.8724223,12,20240821,sing,female
45.513,270.981849,0.005,360.9080952,-360.9080952,12,20240821,sing,female
45.518,271.695712,0.005,315.9067953,-315.9067953,12,20240821,sing,female
45.523,272.655069,0.005,283.425679,-283.425679,12,20240821,sing,female
45.528,273.66768,0.005,255.8364708,-255.8364708,12,20240821,sing,female
45.533,274.23379,0.005,228.0356064,-228.0356064,12,20240821,sing,female
45.538,274.039184,0.005,199.6646584,-199.6646584,12,20240821,sing,female
45.543,273.415341,0.005,175.1714212,-175.1714212,12,20240821,sing,female
45.548,272.943898,0.005,162.1082511,-162.1082511,12,20240821,sing,female
45.553,272.793959,0.005,168.8432524,-168.8432524,12,20240821,sing,female
45.558,272.807167,0.005,202.9586984,-202.9586984,12,20240821,sing,female
45.563,272.995323,0.005,270.9966955,-270.9966955,12,20240821,sing,female
45.568,273.546416,0.005,379.2213798,-379.2213798,12,20240821,sing,female
45.573,274.307857,0.005,534.24124,-534.24124,12,20240821,sing,female
45.578,274.736882,0.005,742.1639913,-742.1639913,12,20240821,sing,female
45.583,274.612246,0.005,1005.632368,-1005.632368,12,20240821,sing,female
45.588,274.392614,0.005,1319.368224,-1319.368224,12,20240821,sing,female
45.593,274.565648,0.005,1666.099337,-1666.099337,12,20240821,sing,female
45.598,275.015195,0.005,2015.201223,-2015.201223,12,20240821,sing,female
45.603,277.022124,0.005,2325.60078,-2325.60078,12,20240821,sing,female
45.608,284.30148,0.005,2552.672893,-2552.672893,12,20240821,sing,female
45.613,292.355919,0.005,2656.91999,-2656.91999,12,20240821,sing,female
45.618,295.081246,0.005,2611.299314,-2611.299314,12,20240821,sing,female
45.623,295.042526,0.005,2404.797225,-2404.797225,12,20240821,sing,female
45.628,294.853968,0.005,2041.871003,-2041.871003,12,20240821,sing,female
45.633,295.639185,0.005,1539.439373,-1539.439373,12,20240821,sing,female
45.638,298.274564,0.005,923.8896338,-923.8896338,12,20240821,sing,female
45.643,303.52631,0.005,229.6267008,-229.6267008,12,20240821,sing,female
45.648,304.834675,0.005,-501.2394534,-501.2394534,12,20240821,sing,female
45.653,297.839262,0.005,-1219.979674,-1219.979674,12,20240821,sing,female
45.658,292.978928,0.005,-1875.037555,-1875.037555,12,20240821,sing,female
45.663,289.847231,0.005,-2418.979433,-2418.979433,12,20240821,sing,female
45.668,286.467592,0.005,-2817.02888,-2817.02888,12,20240821,sing,female
45.673,281.956771,0.005,-3054.257753,-3054.257753,12,20240821,sing,female
45.678,276.712177,0.005,-3138.547202,-3138.547202,12,20240821,sing,female
45.683,273.225993,0.005,-3097.810603,-3097.810603,12,20240821,sing,female
45.688,272.811588,0.005,-2972.046615,-2972.046615,12,20240821,sing,female
45.693,273.191189,0.005,-2802.723921,-2802.723921,12,20240821,sing,female
45.698,272.733426,0.005,-2623.049402,-2623.049402,12,20240821,sing,female
45.703,271.258623,0.005,-2452.376415,-2452.376415,12,20240821,sing,female
45.708,268.793357,0.005,-2296.359981,-2296.359981,12,20240821,sing,female
45.713,265.406391,0.005,-2152.035626,-2152.035626,12,20240821,sing,female
45.718,261.570585,0.005,-2014.858996,-2014.858996,12,20240821,sing,female
45.723,259.158845,0.005,-1884.013326,-1884.013326,12,20240821,sing,female
45.728,260.009186,0.005,-1763.482939,-1763.482939,12,20240821,sing,female
45.733,262.405764,0.005,-1658.964362,-1658.964362,12,20240821,sing,female
45.738,263.33083,0.005,-1573.211427,-1573.211427,12,20240821,sing,female
45.743,261.499919,0.005,-1503.358973,-1503.358973,12,20240821,sing,female
45.748,257.765522,0.005,-1442.482628,-1442.482628,12,20240821,sing,female
45.753,253.609688,0.02,-1384.844727,-1384.844727,12,20240821,sing,female
45.773,250.226521,0.005,-1331.669354,-1331.669354,12,20240821,sing,female
45.778,254.039685,0.005,-1293.558708,-1293.558708,12,20240821,sing,female
45.783,254.494899,0.005,-1287.368482,-1287.368482,12,20240821,sing,female
45.788,254.016374,0.005,-1328.558257,-1328.558257,12,20240821,sing,female
45.793,254.261109,0.005,-1422.831723,-1422.831723,12,20240821,sing,female
45.798,255.882164,0.005,-1561.582606,-1561.582606,12,20240821,sing,female
45.803,257.698321,0.015,-1723.785686,-1723.785686,12,20240821,sing,female
45.818,240.877682,0.005,-1883.54822,-1883.54822,12,20240821,sing,female
45.823,243.192106,0.005,-2019.503557,-2019.503557,12,20240821,sing,female
45.828,243.953595,0.005,-2121.298922,-2121.298922,12,20240821,sing,female
45.833,243.963237,0.005,-2190.094875,-2190.094875,12,20240821,sing,female
45.838,243.28457,0.005,-2233.262603,-2233.262603,12,20240821,sing,female
45.843,241.585027,0.005,-2256.482136,-2256.482136,12,20240821,sing,female
45.848,238.951197,0.005,-2257.600008,-2257.600008,12,20240821,sing,female
45.853,237.149885,0.005,-2225.426796,-2225.426796,12,20240821,sing,female
45.858,239.16049,2.26,-2143.963535,-2143.963535,12,20240821,sing,female
48.118,227.108511,0.005,-1999.858719,-1999.858719,12,20240821,sing,female
48.123,230.040592,0.005,-1789.535517,-1789.535517,12,20240821,sing,female
48.128,230.153577,0.005,-1522.870745,-1522.870745,12,20240821,sing,female
48.133,229.266543,0.005,-1222.08791,-1222.08791,12,20240821,sing,female
48.138,229.139511,0.005,-916.623557,-916.623557,12,20240821,sing,female
48.143,229.907134,0.005,-636.1502442,-636.1502442,12,20240821,sing,female
48.148,230.438041,0.005,-404.2079502,-404.2079502,12,20240821,sing,female
48.153,230.213865,0.005,-234.1714779,-234.1714779,12,20240821,sing,female
48.158,230.113862,0.005,-128.1507125,-128.1507125,12,20240821,sing,female
48.163,230.810798,0.005,-78.48129711,-78.48129711,12,20240821,sing,female
48.168,231.606744,0.005,-70.99291851,-70.99291851,12,20240821,sing,female
48.173,231.339013,0.005,-89.14429514,-89.14429514,12,20240821,sing,female
48.178,229.945385,0.005,-118.1321128,-118.1321128,12,20240821,sing,female
48.183,228.924596,0.005,-148.0808238,-148.0808238,12,20240821,sing,female
48.188,228.883479,0.005,-175.501731,-175.501731,12,20240821,sing,female
48.193,229.302718,0.005,-202.5726125,-202.5726125,12,20240821,sing,female
48.198,229.836769,0.005,-234.4814597,-234.4814597,12,20240821,sing,female
48.203,230.395326,0.005,-275.8558633,-275.8558633,12,20240821,sing,female
48.208,230.601506,0.005,-327.7374647,-327.7374647,12,20240821,sing,female
48.213,229.880787,0.005,-386.3413279,-386.3413279,12,20240821,sing,female
48.218,228.588315,0.005,-444.0037207,-444.0037207,12,20240821,sing,female
48.223,227.676445,0.005,-491.6887121,-491.6887121,12,20240821,sing,female
48.228,227.344241,0.005,-521.7481862,-521.7481862,12,20240821,sing,female
48.233,227.0079,0.005,-529.6673028,-529.6673028,12,20240821,sing,female
48.238,226.655125,0.005,-514.2197046,-514.2197046,12,20240821,sing,female
48.243,226.707479,0.005,-476.3753464,-476.3753464,12,20240821,sing,female
48.248,226.885381,0.005,-417.9121933,-417.9121933,12,20240821,sing,female
48.253,226.427058,0.005,-340.6569312,-340.6569312,12,20240821,sing,female
48.258,225.34213,0.005,-246.6881482,-246.6881482,12,20240821,sing,female
48.263,224.532515,0.005,-139.0982286,-139.0982286,12,20240821,sing,female
48.268,224.55544,0.005,-22.51527227,-22.51527227,12,20240821,sing,female
48.273,225.424214,0.005,97.21487351,-97.21487351,12,20240821,sing,female
48.278,226.715777,0.005,214.1636243,-214.1636243,12,20240821,sing,female
48.283,227.57252,0.005,323.6814934,-323.6814934,12,20240821,sing,female
48.288,227.266402,0.005,423.3401438,-423.3401438,12,20240821,sing,female
48.293,226.248306,0.005,513.3532773,-513.3532773,12,20240821,sing,female
48.298,225.927234,0.005,597.1494215,-597.1494215,12,20240821,sing,female
48.303,227.368112,0.005,683.1638347,-683.1638347,12,20240821,sing,female
48.308,229.870541,0.005,788.4742261,-788.4742261,12,20240821,sing,female
48.313,230.55245,0.005,943.6099578,-943.6099578,12,20240821,sing,female
48.318,229.649064,0.005,1196.179197,-1196.179197,12,20240821,sing,female
48.323,229.530396,0.005,1609.674743,-1609.674743,12,20240821,sing,female
48.328,230.741119,0.005,2253.848971,-2253.848971,12,20240821,sing,female
48.333,231.951682,0.005,3185.139709,-3185.139709,12,20240821,sing,female
48.338,231.35529,0.005,4419.880902,-4419.880902,12,20240821,sing,female
48.343,229.793297,0.005,5908.297044,-5908.297044,12,20240821,sing,female
48.348,229.364393,0.005,7520.990549,-7520.990549,12,20240821,sing,female
48.353,229.584449,0.005,9058.719142,-9058.719142,12,20240821,sing,female
48.358,229.472515,0.62,10289.17243,-10289.17243,12,20240821,sing,female
48.978,315.362916,0.005,11003.06195,-11003.06195,12,20240821,sing,female
48.983,315.321779,0.005,11071.45185,-11071.45185,12,20240821,sing,female
48.988,315.963625,0.005,10482.97589,-10482.97589,12,20240821,sing,female
48.993,316.941115,0.005,9346.31048,-9346.31048,12,20240821,sing,female
48.998,317.549488,0.005,7857.271059,-7857.271059,12,20240821,sing,female
49.003,317.677547,0.005,6244.068765,-6244.068765,12,20240821,sing,female
49.008,318.250764,0.005,4711.453387,-4711.453387,12,20240821,sing,female
49.013,319.126065,0.005,3401.8197,-3401.8197,12,20240821,sing,female
49.018,319.384008,0.005,2381.595723,-2381.595723,12,20240821,sing,female
49.023,319.249592,0.005,1650.304601,-1650.304601,12,20240821,sing,female
49.028,319.441596,0.005,1162.799928,-1162.799928,12,20240821,sing,female
49.033,320.154922,0.005,854.1179344,-854.1179344,12,20240821,sing,female
49.038,321.008109,0.005,659.582136,-659.582136,12,20240821,sing,female
49.043,322.011847,0.005,527.2220716,-527.2220716,12,20240821,sing,female
49.048,323.3195,0.005,422.8881101,-422.8881101,12,20240821,sing,female
49.053,324.544213,0.03,329.9287565,-329.9287565,12,20240821,sing,female
49.083,323.807072,0.005,245.4650195,-245.4650195,12,20240821,sing,female
49.088,322.355189,0.005,174.9973387,-174.9973387,12,20240821,sing,female
49.093,321.652524,0.005,126.8050941,-126.8050941,12,20240821,sing,female
49.098,321.455749,0.005,107.3579993,-107.3579993,12,20240821,sing,female
49.103,321.701815,0.005,118.5703355,-118.5703355,12,20240821,sing,female
49.108,322.264695,0.005,157.1434395,-157.1434395,12,20240821,sing,female
49.113,322.711809,0.005,215.6405026,-215.6405026,12,20240821,sing,female
49.118,322.760036,0.005,284.5804889,-284.5804889,12,20240821,sing,female
49.123,322.830109,0.005,354.8349627,-354.8349627,12,20240821,sing,female
49.128,323.375552,0.005,419.8277519,-419.8277519,12,20240821,sing,female
49.133,324.332443,0.005,477.2090035,-477.2090035,12,20240821,sing,female
49.138,325.423833,0.005,529.6448298,-529.6448298,12,20240821,sing,female
49.143,326.459666,0.005,584.2401644,-584.2401644,12,20240821,sing,female
49.148,327.187589,0.005,650.1988814,-650.1988814,12,20240821,sing,female
49.153,327.20911,0.005,734.8725388,-734.8725388,12,20240821,sing,female
49.158,326.222266,0.005,839.2554179,-839.2554179,12,20240821,sing,female
49.163,324.199703,0.005,954.7575014,-954.7575014,12,20240821,sing,female
49.168,324.35528,0.005,1063.100219,-1063.100219,12,20240821,sing,female
49.173,330.524256,0.005,1140.129687,-1140.129687,12,20240821,sing,female
49.178,335.715949,0.005,1162.576844,-1162.576844,12,20240821,sing,female
49.183,337.774143,0.005,1115.221515,-1115.221515,12,20240821,sing,female
49.188,337.995886,0.005,995.4873504,-995.4873504,12,20240821,sing,female
49.193,337.489032,0.005,813.5713515,-813.5713515,12,20240821,sing,female
49.198,336.991534,0.005,588.2847525,-588.2847525,12,20240821,sing,female
49.203,336.535892,0.005,340.7410272,-340.7410272,12,20240821,sing,female
49.208,335.958781,0.005,88.82879181,-88.82879181,12,20240821,sing,female
49.213,335.60135,0.005,-155.3067774,-155.3067774,12,20240821,sing,female
49.218,336.244471,0.005,-384.2873837,-384.2873837,12,20240821,sing,female
49.223,338.614844,0.02,-592.3039248,-592.3039248,12,20240821,sing,female
49.243,335.346269,0.005,-771.856265,-771.856265,12,20240821,sing,female
49.248,333.147807,0.005,-912.275489,-912.275489,12,20240821,sing,female
49.253,330.878312,0.005,-1000.711744,-1000.711744,12,20240821,sing,female
49.258,328.890997,0.005,-1024.990562,-1024.990562,12,20240821,sing,female
49.263,327.720848,0.005,-976.994951,-976.994951,12,20240821,sing,female
49.268,326.963186,0.005,-855.2584484,-855.2584484,12,20240821,sing,female
49.273,325.863458,0.005,-666.0411621,-666.0411621,12,20240821,sing,female
49.278,324.18316,0.005,-422.8658077,-422.8658077,12,20240821,sing,female
