date,condition,speaker,duration,start,end,IOI
20240724,sing,1,0.27497979,0.712672768,0.987652559,3.63663089
20240724,sing,1,0.350464439,0.987652559,1.338116998,2.853356544
20240724,sing,1,0.889640499,1.338116998,2.227757496,1.124049548
20240724,sing,1,0.36124796,2.227757496,2.589005456,2.768181722
20240724,sing,1,0.409773805,2.589005456,2.998779262,2.440370729
20240724,sing,1,0.398990284,2.998779262,3.397769546,2.506326694
20240724,sing,2,0.485258454,4.175003277,4.660261731,2.060757504
20240724,sing,2,0.436732608,4.660261731,5.096994339,2.28973056
20240724,sing,2,0.285763312,5.096994339,5.382757651,3.499399535
20240724,sing,2,0.308281375,5.382757651,5.691039026,3.243789865
20240724,sing,3,0.354279997,6.187329484,6.54160948,2.822626198
20240724,sing,3,0.393598524,6.54160948,6.935208004,2.540659937
20240724,sing,3,0.388206763,6.935208004,7.323414767,2.57594688
20240724,sing,3,0.231845706,7.754755615,7.98660132,4.313213381
20240724,sing,3,0.188711621,7.98660132,8.175312941,5.299090725
20240724,sing,3,0.350464439,8.175312941,8.52577738,2.853356544
20240724,sing,3,0.355856199,8.52577738,8.881633579,2.810123869
20240724,sing,4,0.858151657,9.192265791,10.05041745,1.165295192
20240724,sing,4,0.819547611,10.05041745,10.86996506,1.220185364
20240724,sing,4,0.744062962,10.86996506,11.61402802,1.343972285
20240724,sing,4,0.465324969,11.61402802,12.07935299,2.149035764
20240724,sing,5,0.835000782,12.45515261,13.29015339,1.197603668
20240724,sing,5,0.819547611,13.29015339,14.109701,1.220185364
20240724,sing,5,0.27497979,14.109701,14.38468079,3.63663089
20240724,sing,5,0.377423242,14.38468079,14.76210404,2.649545362
20240724,sing,5,0.363604233,14.76210404,15.12570827,2.750243006
20240724,sing,1,0.506825496,15.27346981,15.78029531,1.973065695
20240724,sing,1,0.72249592,15.78029531,16.50279123,1.384090861
20240724,sing,1,0.517609017,16.50279123,17.02040024,1.93196016
20240724,sing,1,0.409773805,17.02040024,17.43017405,2.440370729
20240724,sing,1,0.296546833,17.43017405,17.72672088,3.372148643
20240724,sing,1,0.1779281,17.72672088,17.90464898,5.620247738
20240724,sing,1,0.429959875,17.90464898,18.33460886,2.325798427
20240724,sing,2,0.33229118,18.6686962,19.00098738,3.009408797
20240724,sing,2,0.323505636,19.00098738,19.32449301,3.091136256
20240724,sing,2,0.27497979,19.32449301,19.5994728,3.63663089
20240724,sing,2,0.380442163,19.5994728,19.97991497,2.628520434
20240724,sing,3,0.328189837,19.97991497,20.3081048,3.047016961
20240724,sing,3,0.285763312,20.3081048,20.59386812,3.499399535
20240724,sing,3,0.534866966,20.59386812,21.12873508,1.869623783
20240724,sing,4,0.398370077,21.45353239,21.85190247,2.510228702
20240724,sing,4,0.210278663,21.85190247,22.06218113,4.75559424
20240724,sing,4,0.582310145,22.06218113,22.64449128,1.71729792
20240724,sing,4,0.296546833,23.01652276,23.31306959,3.372148643
20240724,sing,4,0.415165566,23.31306959,23.72823516,2.408677602
20240724,sing,4,0.575659364,23.72823516,24.30389452,1.737138424
20240724,sing,5,0.331482869,24.54448512,24.87596799,3.016747152
20240724,sing,5,0.102443451,24.87596799,24.97841144,9.761482914
20240724,sing,5,0.355856199,24.97841144,25.33426764,2.810123869
20240724,sing,5,0.442124369,25.33426764,25.77639201,2.261807017
20240724,sing,5,0.339680918,25.77639201,26.11607292,2.943939292
20240724,sing,5,0.253412748,26.11607292,26.36948567,3.946131391
20240724,sing,5,0.199495142,26.36948567,26.56898082,5.012653388
20240724,sing,5,0.339680918,26.56898082,26.90866173,2.943939292
20240724,sing,5,0.415165566,26.90866173,27.3238273,2.408677602
20240724,sing,5,0.423704548,27.3238273,27.74753185,2.360135158
20240724,sing,1,0.436732608,28.81834572,29.25507833,2.28973056
20240724,sing,1,0.533784299,29.25507833,29.78886263,1.873415913
20240724,sing,1,0.496041975,29.78886263,30.2849046,2.015958428
20240724,sing,1,0.328897396,30.2849046,30.613802,3.040461891
20240724,sing,1,0.215670424,30.613802,30.82947242,4.636704384
20240724,sing,1,0.301938593,30.82947242,31.13141102,3.311931703
20240724,sing,1,0.312722115,31.13141102,31.44413313,3.197727162
20240724,sing,1,0.724529064,31.44413313,32.16866219,1.380206882
20240724,sing,2,0.302711936,32.89776766,33.2004796,3.303470667
20240724,sing,2,0.425949087,33.2004796,33.62642868,2.347698422
20240724,sing,2,0.45290789,33.62642868,34.07933657,2.207954469
20240724,sing,2,0.36124796,34.07933657,34.44058453,2.768181722
20240724,sing,2,0.560743102,34.44058453,35.00132764,1.78334784
20240724,sing,2,0.296331259,35.00132764,35.2976589,3.374601801
20240724,sing,3,0.29246964,35.98241232,36.27488196,3.419158308
20240724,sing,3,0.388206763,36.27488196,36.66308872,2.57594688
20240724,sing,3,0.372031481,36.66308872,37.0351202,2.687944571
20240724,sing,3,0.647011272,37.0351202,37.68213147,1.545568128
20240724,sing,3,0.296546833,37.68213147,37.97867831,3.372148643
20240724,sing,3,0.366639721,37.97867831,38.34531803,2.727473167
20240724,sing,3,0.524181489,38.34531803,38.86949952,1.907736195
20240724,sing,4,0.397555278,38.95698149,39.35453677,2.51537347
20240724,sing,4,0.582310145,39.35453677,39.93684691,1.71729792
20240724,sing,4,0.506825496,40.19565142,40.70247692,1.973065695
20240724,sing,4,0.404382045,40.70247692,41.10685896,2.472909005
20240724,sing,4,0.523000778,41.10685896,41.62985974,1.912043045
20240724,sing,4,0.803655918,41.62985974,42.43351566,1.244313614
20240724,sing,5,0.208071876,42.8608563,43.06892818,4.806031556
20240724,sing,5,0.307330354,43.06892818,43.37625853,3.253827638
20240724,sing,5,0.388206763,43.37625853,43.76446529,2.57594688
20240724,sing,5,0.684753596,43.76446529,44.44921889,1.460379334
20240724,sing,5,0.237237466,44.44921889,44.68645636,4.215185804
20240724,sing,5,0.377423242,44.68645636,45.0638796,2.649545362
20240724,sing,5,0.440197055,45.0638796,45.50407665,2.271709883
20240724,sing,1,0.338797334,45.61136375,45.95016108,2.951617091
20240724,sing,1,0.301938593,45.95016108,46.25209968,3.311931703
20240724,sing,1,0.576918384,46.25209968,46.82901806,1.733347433
20240724,sing,1,0.339680918,47.22800834,47.56768926,2.943939292
20240724,sing,1,0.307330354,47.56768926,47.87501962,3.253827638
20240724,sing,1,0.404382045,47.87501962,48.27940166,2.472909005
20240724,sing,1,0.616023777,48.27940166,48.89542544,1.623313964
20240724,sing,2,0.215670424,49.19928748,49.4149579,4.636704384
20240724,sing,2,0.388206763,49.4149579,49.80316466,2.57594688
20240724,sing,2,0.781773259,49.80316466,50.58493792,1.279143266
20240724,sing,3,0.377455269,50.58493792,50.96239319,2.649320547
20240724,sing,3,1.04202927,50.96239319,52.00442246,0.959665941
20240724,conv,5,0.231265523,4.736660643,4.967926167,4.324034066
20240724,conv,5,0.220118867,4.967926167,5.188045033,4.542999943
20240724,conv,5,0.152389985,5.188045033,5.340435018,6.562111028
20240724,conv,5,0.172708649,5.421709677,5.594418326,5.790097966
20240724,conv,5,0.176095094,5.658760764,5.834855858,5.678749928
20240724,conv,5,0.22241873,5.834855858,6.057274588,4.49602424
20240724,conv,4,0.212076952,8.698050255,8.910127207,4.715269572
20240724,conv,4,0.220118867,8.910127207,9.130246074,4.542999943
20240724,conv,4,0.19326997,9.130246074,9.323516044,5.174109553
20240724,conv,4,0.137272314,9.516543358,9.653815673,7.284790119
20240724,conv,4,0.218974307,9.796046325,10.01502063,4.566745807
20240724,conv,4,0.196413758,10.01502063,10.21143439,5.091293039
20240724,conv,4,0.273516026,10.21143439,10.48495042,3.656092901
20240724,conv,4,0.172708649,10.48495042,10.65765907,5.790097966
20240724,conv,4,0.179481538,10.65765907,10.8371406,5.571603703
20240724,conv,4,0.104979767,10.8371406,10.94212037,9.525645041
20240724,conv,4,0.149003541,10.94212037,11.09112391,6.711249915
20240724,conv,4,0.159162873,11.09112391,11.25028678,6.282872261
20240724,conv,4,0.298007081,11.25028678,11.54829387,3.355624958
20240724,conv,4,0.189756826,11.54829387,11.73805069,5.269902638
20240724,conv,3,0.183863879,12.7369792,12.92084308,5.438806174
20240724,conv,3,0.13207132,12.92084308,13.0529144,7.571666571
20240724,conv,3,0.135457764,13.0529144,13.18837216,7.382374907
20240724,conv,3,0.176095094,13.18837216,13.36446725,5.678749928
20240724,conv,3,0.118525544,13.36446725,13.4829928,8.436999893
20240724,conv,3,0.231850093,13.4829928,13.71484289,4.313131757
20240724,conv,3,0.130499426,13.71484289,13.84534232,7.662868939
20240724,conv,3,0.338644411,13.84534232,14.18398673,2.952949963
20240724,conv,3,0.172708649,14.18398673,14.35669538,5.790097966
20240724,conv,3,0.094820435,14.35669538,14.45151581,10.54624987
20240724,conv,3,0.118525544,14.45151581,14.57004136,8.436999893
20240724,conv,3,0.091433991,14.57004136,14.66147535,10.93685171
20240724,conv,3,0.133643214,14.66147535,14.79511856,7.482609623
20240724,conv,3,0.125298432,14.79511856,14.92041699,7.980945845
20240724,conv,3,0.218546973,14.92041699,15.13896397,4.575675362
20240724,conv,3,0.203186646,15.13896397,15.34215061,4.921583271
20240724,conv,5,0.155659209,16.36752722,16.52318642,6.424290657
20240724,conv,5,0.111752656,16.52318642,16.63493908,8.94833322
20240724,conv,5,0.200586149,16.63493908,16.83552523,4.985389089
20240724,conv,5,0.314939302,16.83552523,17.15046453,3.175215014
20240724,conv,5,0.243038029,17.15046453,17.39350256,4.114582418
20240724,conv,5,0.260756196,17.39350256,17.65425876,3.834999952
20240724,conv,5,0.216732423,17.65425876,17.87099118,4.613984317
20240724,conv,5,0.369122408,17.87099118,18.24011359,2.709128406
20240724,conv,5,0.223505311,18.24011359,18.4636189,4.47416661
20240724,conv,5,0.257369752,18.4636189,18.72098865,3.885460477
20240724,conv,5,0.253983308,18.72098865,18.97497196,3.937266617
20240724,conv,2,0.216558488,24.63471217,24.85127066,4.617690159
20240724,conv,2,0.091433991,24.85127066,24.94270465,10.93685171
20240724,conv,2,0.18964087,24.94270465,25.13234552,5.273124933
20240724,conv,2,0.142230653,25.13234552,25.27457618,7.030833244
20240724,conv,2,0.226891755,25.27457618,25.50146793,4.407388004
20240724,conv,2,0.250596864,25.50146793,25.75206479,3.990472923
20240724,conv,2,0.324913956,25.75206479,26.07697875,3.077737908
20240724,conv,2,0.269828947,26.22163597,26.49146491,3.706051595
20240724,conv,2,0.301393526,26.49146491,26.79285844,3.317921306
20240724,conv,2,0.142230653,26.79285844,26.93508909,7.030833244
20240724,conv,2,0.118525544,26.93508909,27.05361463,8.436999893
20240724,conv,2,0.206573091,27.05361463,27.26018773,4.840901578
20240724,conv,2,0.41153642,27.26018773,27.67172415,2.429918597
20240724,conv,1,0.14602432,28.43028763,28.57631194,6.848174335
20240724,conv,1,0.159162873,28.57631194,28.73547482,6.282872261
20240724,conv,1,0.233664643,28.73547482,28.96913946,4.279637627
20240724,conv,1,0.43685129,28.96913946,29.40599075,2.289108498
20240724,conv,1,0.203186646,29.40599075,29.6091774,4.921583271
20240724,conv,1,0.256962529,29.6091774,29.86613993,3.89161799
20240724,conv,1,0.126861313,31.70637668,31.83323799,7.882623769
20240724,conv,1,0.30477997,31.83323799,32.13801796,3.281055514
20240724,conv,1,0.145617097,32.13801796,32.28363506,6.867325495
20240724,conv,1,0.152389985,32.28363506,32.43602505,6.562111028
20240724,conv,1,0.277688417,32.43602505,32.71371346,3.601158491
20240724,conv,1,0.715325654,32.71371346,33.42903912,1.397964682
20240724,conv,1,0.236265141,33.72971542,33.96598056,4.232532983
20240724,conv,1,0.091433991,34.16239431,34.25382831,10.93685171
20240724,conv,1,0.111752656,34.25382831,34.36558096,8.94833322
20240724,conv,1,0.145617097,34.36558096,34.51119806,6.867325495
20240724,conv,1,0.169322205,34.51119806,34.68052026,5.905899925
20240724,conv,1,0.416532625,34.68052026,35.09705289,2.400772327
20240724,conv,1,0.515525451,35.09705289,35.61257834,1.939768439
20240724,conv,1,0.35461675,35.85640232,36.21101907,2.819945761
20240724,conv,1,0.125298432,36.21101907,36.3363175,7.980945845
20240724,conv,1,0.233664643,36.3363175,36.56998214,4.279637627
20240724,conv,1,0.179481538,36.56998214,36.74946368,5.571603703
20240724,conv,1,0.177123697,36.74946368,36.92658738,5.645771955
20240724,conv,1,0.497807284,36.92658738,37.42439466,2.008809498
20240724,conv,2,0.116594911,38.0026328,38.11922771,8.576703681
20240724,conv,2,0.203186646,38.11922771,38.32241436,4.921583271
20240724,conv,2,0.145617097,38.32241436,38.46803146,6.867325495
20240724,conv,2,0.155776429,38.46803146,38.62380789,6.419456441
20240724,conv,2,0.18964087,38.62380789,38.81344876,5.273124933
20240724,conv,2,0.322498137,38.81344876,39.13594689,3.100793105
20240724,conv,2,0.192241367,39.13594689,39.32818826,5.201794051
20240724,conv,2,0.476032808,39.32818826,39.80422107,2.100695547
20240724,conv,3,0.335575322,40.13415598,40.4697313,2.979956911
20240724,conv,3,0.169322205,40.4697313,40.63905351,5.905899925
20240724,conv,3,0.145299741,40.63905351,40.78435325,6.882324716
20240724,conv,2,0.202660077,40.78435325,40.98701332,4.934370974
20240724,conv,2,0.187098351,40.98701332,41.17411168,5.34478254
20240724,conv,2,0.645966899,41.17411168,41.82007858,1.548066938
20240724,conv,2,0.197257683,41.82007858,42.01733626,5.069511022
20240724,conv,2,0.274301973,42.01733626,42.29163823,3.645617238
20240724,conv,2,0.477488619,42.29163823,42.76912685,2.094290754
20240724,conv,2,0.22604783,42.76912685,42.99517468,4.423842511
20240724,conv,2,0.288374319,42.99517468,43.283549,3.467715169
20240724,conv,3,0.194384016,43.283549,43.47793302,5.144455905
20240724,conv,3,0.138844208,43.47793302,43.61677722,7.202316982
20240724,conv,3,0.135457764,43.61677722,43.75223499,7.382374907
20240724,conv,3,0.196413758,43.75223499,43.94864875,5.091293039
20240724,conv,3,0.316969044,43.94864875,44.26561779,3.154882216
20240724,conv,2,0.431650296,44.3516356,44.78328589,2.316690178
20240724,conv,1,0.167819033,45.32850339,45.49632242,5.958799676
20240724,conv,1,0.245471624,45.49632242,45.74179405,4.073790628
20240724,conv,3,0.089378155,46.06488505,46.15426321,11.18841621
20240724,conv,3,0.159162873,46.15426321,46.31342608,6.282872261
20240724,conv,3,0.18964087,46.31342608,46.50306695,5.273124933
20240724,conv,3,0.179481538,46.50306695,46.68254849,5.571603703
20240724,conv,3,0.433464846,46.68254849,47.11601333,2.306992158
20240724,conv,3,0.394156754,47.11601333,47.51017009,2.537061688
20240724,conv,3,0.428749164,47.51017009,47.93891925,2.332366064
20240724,conv,3,0.199800202,47.93891925,48.13871945,5.004999937
20240724,conv,3,0.260756196,48.13871945,48.39947565,3.834999952
20240724,conv,3,0.230278199,48.61034783,48.84062603,4.342573474
20240724,conv,3,0.172708649,48.84062603,49.01333468,5.790097966
20240724,conv,3,0.243823976,49.01333468,49.25715866,4.101319393
20240724,conv,3,0.296584841,49.25715866,49.5537435,3.371716489
20240724,conv,3,0.111995312,50.41769112,50.52968644,8.928945185
20240724,conv,3,0.108123555,50.52968644,50.63780999,9.248678499
20240724,conv,3,0.203186646,50.63780999,50.84099664,4.921583271
20240724,conv,3,0.230278199,50.84099664,51.07127484,4.342573474
20240724,conv,3,0.186254426,51.07127484,51.25752926,5.368999932
20240724,conv,3,0.199800202,51.25752926,51.45732947,5.004999937
20240724,conv,3,0.254225964,51.45732947,51.71155543,3.933508534
20240724,conv,2,0.280774141,51.89636466,52.1771388,3.561581545
20240724,conv,3,0.125599152,52.1771388,52.30273795,7.961837221
20240724,conv,3,0.142230653,52.30273795,52.44496861,7.030833244
20240724,conv,3,0.172708649,52.44496861,52.61767726,5.790097966
20240724,conv,3,0.111752656,52.61767726,52.72942991,8.94833322
20240724,conv,3,0.143675847,52.72942991,52.87310576,6.960112112
20240724,conv,3,0.144171903,52.87310576,53.01727766,6.936164276
20240724,conv,3,0.101593323,53.01727766,53.11887098,9.843166542
20240724,conv,3,0.180926732,53.11887098,53.29979772,5.527099231
20240724,conv,1,0.209115695,53.54526222,53.75437792,4.782041834
20240724,conv,1,0.226891755,53.75437792,53.98126967,4.407388004
20240724,conv,1,0.209959535,53.98126967,54.19122921,4.76282252
20240724,conv,1,0.192067518,54.61537856,54.80744608,5.206502442
20240724,conv,1,0.331871523,54.80744608,55.1393176,3.013214248
20240724,conv,1,0.118525544,55.1393176,55.25784314,8.436999893
20240724,conv,1,0.25071282,55.25784314,55.50855596,3.988627301
20240724,conv,1,0.199800202,55.50855596,55.70835617,5.004999937
20240724,conv,1,0.101907794,56.68383365,56.78574145,9.812792104
20240724,conv,1,0.310524255,56.78574145,57.0962657,3.220360358
20240724,conv,1,0.271629661,57.0962657,57.36789536,3.681483081
20240724,conv,5,0.071115326,59.53342962,59.60454495,14.06166649
20240724,conv,5,0.149003541,59.60454495,59.75354849,6.711249915
20240724,conv,5,0.138844208,59.75354849,59.8923927,7.202316982
20240724,conv,5,0.091433991,59.8923927,59.98382669,10.93685171
20240724,conv,5,0.196413758,59.98382669,60.18024045,5.091293039
20240724,conv,1,0.121068063,60.27844733,60.39951539,8.25981665
20240724,conv,1,0.163393242,60.39951539,60.56290863,6.120204152
20240724,conv,1,0.298007081,60.56290863,60.86091571,3.355624958
20240724,conv,1,0.176095094,60.86091571,61.03701081,5.678749928
20240724,conv,1,0.186254426,61.03701081,61.22326523,5.368999932
20240724,conv,1,0.260756196,61.22326523,61.48402143,3.834999952
20240724,conv,1,0.233664643,61.48402143,61.71768607,4.279637627
20240724,conv,1,0.155776429,61.71768607,61.8734625,6.419456441
20240724,conv,1,0.487647951,61.8734625,62.36111045,2.050659696
20240724,conv,1,0.425848032,62.36111045,62.78695848,2.348255537
20240724,conv,1,0.308166414,62.99577346,63.30393987,3.244999959
20240724,conv,1,0.214490538,63.30393987,63.51843041,4.662210313
20240724,conv,1,0.17621105,64.75334869,64.92955974,5.675013004
20240724,conv,1,0.24062221,64.92955974,65.17018195,4.155892348
20240724,conv,1,0.447010622,65.17018195,65.61719258,2.237083305
20240724,conv,1,0.2096589,65.61719258,65.82685148,4.769652035
20240724,conv,1,0.294921272,65.82685148,66.12177275,3.390735412
20240724,conv,1,0.264808376,66.95188314,67.21669152,3.776315595
20240724,conv,1,0.288148384,67.21669152,67.5048399,3.470434183
20240724,conv,1,0.145382168,69.60643749,69.75181966,6.878422674
20240724,conv,1,0.202158043,69.75181966,69.95397771,4.946624849
20240724,conv,4,0.19853667,70.16181433,70.360351,5.03685288
20240724,conv,4,0.244852579,70.360351,70.60520358,4.084090126
20240724,conv,4,0.169322205,70.60520358,70.77452578,5.905899925
20240724,conv,4,0.138844208,70.77452578,70.91336999,7.202316982
20240724,conv,4,0.135457764,70.91336999,71.04882776,7.382374907
20240724,conv,4,0.212317376,71.04882776,71.26114513,4.70993011
20240724,conv,1,0.62830671,72.11272524,72.74103195,1.591579374
20240724,conv,1,0.428263851,72.74103195,73.1692958,2.335009123
20240724,conv,4,0.213345979,73.53164532,73.7449913,4.687222163
20240724,conv,1,0.165935761,73.82034774,73.9862835,6.026428495
20240724,conv,1,0.564264906,73.9862835,74.55054841,1.772217249
20240724,conv,1,0.152389985,74.55054841,74.70293839,6.562111028
20240724,conv,1,0.155776429,74.70293839,74.85871482,6.419456441
20240724,conv,1,0.088047547,74.85871482,74.94676237,11.35749986
20240724,conv,1,0.233664643,74.94676237,75.18042701,4.279637627
20240724,conv,1,0.289119009,75.18042701,75.46954602,3.458783305
20240724,conv,1,0.190553517,75.682892,75.87344551,5.247869557
20240724,conv,1,0.196413758,75.87344551,76.06985927,5.091293039
20240724,conv,1,0.226891755,76.06985927,76.29675103,4.407388004
20240724,conv,1,0.186254426,76.29675103,76.48300545,5.368999932
20240724,conv,1,0.203186646,76.48300545,76.6861921,4.921583271
20240724,conv,1,0.199800202,76.6861921,76.8859923,5.004999937
20240724,conv,1,0.283675358,76.8859923,77.16966766,3.525156386
20240724,conv,2,0.169257843,78.00208005,78.17133789,5.908145701
20240724,conv,2,0.233664643,78.17133789,78.40500253,4.279637627
20240724,conv,2,0.291234193,78.40500253,78.69623673,3.433662747
20240724,conv,2,0.186497082,78.69623673,78.88273381,5.362014185
20240724,conv,2,0.311552858,78.88273381,79.19428667,3.20972822
20240724,conv,2,0.331693228,79.19428667,79.5259799,3.014833934
20240724,conv,2,0.229651971,79.90613488,80.13578685,4.354415047
20240724,conv,2,0.220118867,80.28479039,80.50490926,4.542999943
20240724,conv,2,0.182867982,80.50490926,80.68777724,5.468425857
20240724,conv,2,0.138844208,80.68777724,80.82662145,7.202316982
20240724,conv,2,0.230278199,80.82662145,81.05689965,4.342573474
20240724,conv,2,0.307518286,81.05689965,81.36441793,3.251839142
20240724,conv,2,0.819946808,84.73217287,85.55211968,1.219591308
20240724,conv,4,0.071115326,86.27380163,86.34491696,14.06166649
20240724,conv,4,0.220118867,86.34491696,86.56503582,4.542999943
20240724,conv,4,0.310766911,86.56503582,86.87580274,3.217845803
20240724,conv,4,0.165935761,87.11285382,87.27878958,6.026428495
20240724,conv,4,0.173494596,87.27878958,87.45228418,5.763868274
20240724,conv,4,0.1151391,87.45228418,87.56742328,8.685146949
20240724,conv,4,0.277688417,87.56742328,87.8451117,3.601158491
20240724,conv,4,0.152389985,87.8451117,87.99750168,6.562111028
20240724,conv,4,0.48347556,87.99750168,88.48097724,2.068356877
20240724,conv,4,0.345417299,88.63113609,88.97655339,2.895048983
20240724,conv,4,0.548603945,89.20205792,89.75066187,1.822808619
20240724,conv,4,0.233664643,89.75066187,89.98432651,4.279637627
20240724,conv,4,0.260756196,89.98432651,90.24508271,3.834999952
20240724,conv,4,0.242737394,90.24508271,90.4878201,4.119678399
20240724,conv,4,0.143317234,90.4878201,90.63113734,6.977527912
20240724,conv,4,0.169322205,90.63113734,90.80045954,5.905899925
20240724,conv,4,0.223505311,90.80045954,91.02396485,4.47416661
20240724,conv,4,0.49442084,91.24069728,91.73511812,2.022568468
20240724,conv,4,0.111752656,92.02932216,92.14107482,8.94833322
20240724,conv,4,0.493750849,92.14107482,92.63482567,2.025312973
20240724,conv,2,0.396213961,92.85622654,93.2524405,2.523888857
20240724,conv,4,0.255011911,94.95776313,95.21277505,3.921385456
20240724,conv,4,0.165935761,95.41831953,95.58425529,6.026428495
20240724,conv,4,0.135457764,95.62827907,95.76373683,7.382374907
20240724,conv,4,0.142230653,95.76373683,95.90596748,7.030833244
20240724,conv,4,0.291234193,95.90596748,96.19720168,3.433662747
20240724,conv,4,0.193027314,96.19720168,96.39022899,5.18061397
20240724,conv,4,0.343059458,96.39022899,96.73328845,2.914946598
20240724,conv,2,0.363378123,96.85755828,97.2209364,2.751954335
20240725,sing,6,0.237051088,1.057776935,1.294828022,4.218499947
20240725,sing,6,0.30477997,1.294828022,1.599607992,3.281055514
20240725,sing,6,0.230278199,1.775703085,2.005981285,4.342573474
20240725,sing,6,0.30477997,2.737453212,3.042233182,3.281055514
20240725,sing,6,0.216732423,3.042233182,3.258965604,4.613984317
20240725,sing,6,0.37928174,3.529881133,3.909162873,2.636562467
20240725,sing,7,0.270915529,11.70696399,11.97787951,3.691187453
20240725,sing,7,0.345417299,11.97787951,12.32329681,2.895048983
20240725,sing,7,0.365735964,12.32329681,12.68903278,2.734212928
20240725,sing,7,0.230278199,13.00735852,13.23763672,4.342573474
20240725,sing,7,0.203186646,13.23763672,13.44082337,4.921583271
20240725,sing,7,0.318325746,13.44082337,13.75914911,3.14143613
20240725,sing,7,0.478608208,13.75914911,14.23775732,2.089391663
20240725,sing,8,0.205511843,14.67615981,14.88167165,4.865899625
20240725,sing,8,0.521512393,14.88167165,15.40318404,1.917499976
20240725,sing,8,0.372508852,15.40318404,15.7756929,2.684499966
20240725,sing,8,0.480875063,15.7756929,16.25656796,2.079542227
20240725,sing,8,0.426691958,16.25656796,16.68325992,2.343611081
20240725,sing,8,0.399600405,16.68325992,17.08286032,2.502499968
20240725,sing,8,0.405122329,17.08286032,17.48798265,2.468390236
20240725,sing,9,0.250596864,17.72508125,17.97567812,3.990472923
20240725,sing,9,0.298007081,17.97567812,18.2736852,3.355624958
20240725,sing,9,0.18964087,18.2736852,18.46332607,5.273124933
20240725,sing,9,0.399600405,18.46332607,18.86292647,2.502499968
20240725,sing,9,0.291234193,18.98483846,19.27607265,3.433662747
20240725,sing,9,0.440237734,19.27607265,19.71631039,2.271499971
20240725,sing,9,0.731471927,19.71631039,20.44778231,1.367106464
20240725,sing,10,0.248345357,21.07078917,21.31913453,4.026650674
20240725,sing,10,0.399600405,21.31913453,21.71873494,2.502499968
20240725,sing,10,0.392827516,21.71873494,22.11156245,2.54564652
20240725,sing,10,0.56892261,22.11156245,22.68048506,1.757708311
20240725,sing,10,0.223505311,22.68048506,22.90399037,4.47416661
20240725,sing,10,0.392827516,22.90399037,23.29681789,2.54564652
20240725,sing,10,0.464855509,23.29681789,23.7616734,2.151206088
20240725,sing,6,0.261840555,23.90480033,24.16664089,3.819118094
20240725,sing,6,0.284461305,24.16664089,24.45110219,3.515416622
20240725,sing,6,0.474102175,24.45110219,24.92520437,2.109249973
20240725,sing,6,0.331871523,25.41285232,25.74472384,3.013214248
20240725,sing,6,0.528285281,25.74472384,26.27300912,1.892916643
20240725,sing,6,0.541831057,26.27300912,26.81484018,1.845593727
20240725,sing,6,0.81110878,26.81484018,27.62594896,1.232880256
20240725,sing,7,0.246990999,27.85092695,28.09791795,4.048730535
20240725,sing,7,0.413146181,28.09791795,28.51106413,2.420450789
20240725,sing,7,0.987147231,28.51106413,29.49821136,1.013020113
20240725,sing,8,0.286155753,29.49821136,29.78436712,3.494600366
20240725,sing,8,0.311552858,29.78436712,30.09591997,3.20972822
20240725,sing,8,0.413146181,30.09591997,30.50906615,2.420450789
20240725,sing,9,0.328093981,31.11576536,31.44385934,3.047907181
20240725,sing,9,0.365735964,31.44385934,31.80959531,2.734212928
20240725,sing,9,0.447010622,31.80959531,32.25660593,2.237083305
20240725,sing,9,0.413146181,32.47333835,32.88648453,2.420450789
20240725,sing,9,0.399600405,32.88648453,33.28608494,2.502499968
20240725,sing,9,0.223505311,33.28608494,33.50959025,4.47416661
20240725,sing,9,0.34241132,33.50959025,33.85200157,2.920464198
20240725,sing,10,0.247116179,34.62338576,34.87050194,4.046679593
20240725,sing,10,0.257369752,34.87050194,35.12787169,3.885460477
20240725,sing,10,0.237051088,35.12787169,35.36492278,4.218499947
20240725,sing,10,0.277688417,35.36492278,35.64261119,3.601158491
20240725,sing,10,0.399600405,35.64261119,36.0422116,2.502499968
20240725,sing,10,0.45378351,36.0422116,36.49599511,2.203694002
20240725,sing,10,0.392827516,36.49599511,36.88882263,2.54564652
20240725,sing,10,0.399600405,36.88882263,37.28842303,2.502499968
20240725,sing,10,0.61542271,37.28842303,37.90384574,1.624899414
20240725,sing,6,0.279341827,38.14572297,38.4250648,3.579843419
20240725,sing,6,0.555376834,38.4250648,38.98044163,1.800579246
20240725,sing,6,0.514739504,38.98044163,39.49518114,1.942730239
20240725,sing,6,0.386054628,39.49518114,39.88123577,2.590306985
20240725,sing,6,0.440237734,39.88123577,40.3214735,2.271499971
20240725,sing,6,0.365735964,40.3214735,40.68720946,2.734212928
20240725,sing,6,0.52465339,40.68720946,41.21186285,1.906020278
20240725,sing,7,0.314063862,42.57676271,42.89082658,3.184065796
20240725,sing,7,0.318325746,42.89082658,43.20915232,3.14143613
20240725,sing,7,0.243823976,43.20915232,43.4529763,4.101319393
20240725,sing,7,0.298007081,43.4529763,43.75098338,3.355624958
20240725,sing,7,0.474102175,43.75098338,44.22508555,2.109249973
20240725,sing,7,0.623105716,44.22508555,44.84819127,1.60486411
20240725,sing,7,0.413146181,45.21392723,45.62707341,2.420450789
20240725,sing,7,0.392827516,45.62707341,46.01990093,2.54564652
20240725,sing,7,0.655058635,46.01990093,46.67495957,1.526580898
20240725,sing,8,0.222931855,47.01679703,47.23972888,4.485675686
20240725,sing,8,0.37928174,47.23972888,47.61901062,2.636562467
20240725,sing,8,0.636651492,47.61901062,48.25566211,1.570718065
20240725,sing,8,0.704380374,48.25566211,48.96004249,1.419687482
20240725,sing,8,0.501193728,48.96004249,49.46123621,1.995236461
20240725,sing,8,0.494994296,49.46123621,49.95623051,2.020225299
20240725,sing,9,0.247755608,50.45496529,50.70272089,4.036235584
20240725,sing,9,0.318325746,50.70272089,51.02104664,3.14143613
20240725,sing,9,0.45378351,51.02104664,51.47483015,2.203694002
20240725,sing,9,0.56892261,51.47483015,52.04375276,1.757708311
20240725,sing,9,0.528285281,52.04375276,52.57203804,1.892916643
20240725,sing,9,0.375350108,52.57203804,52.94738815,2.664179332
20240725,sing,10,0.250814042,53.44355538,53.69436943,3.9870176
20240725,sing,10,0.406373293,53.69436943,54.10074272,2.460791636
20240725,sing,10,0.392827516,54.10074272,54.49357024,2.54564652
20240725,sing,10,0.663743045,54.49357024,55.15731328,1.506607124
20240725,sing,6,0.32512466,57.60063158,57.92575624,3.075743314
20240725,sing,6,0.318325746,57.92575624,58.24408199,3.14143613
20240725,sing,6,0.514739504,58.24408199,58.75882149,1.942730239
20240725,sing,6,0.467329287,59.28710677,59.75443606,2.139818814
20240725,sing,6,0.345417299,59.75443606,60.09985336,2.895048983
20240725,sing,6,0.56892261,60.09985336,60.66877597,1.757708311
20240725,sing,6,0.846585001,60.66877597,61.51536097,1.181216297
20240725,sing,7,0.243823976,61.75828124,62.00210521,4.101319393
20240725,sing,7,0.345417299,62.00210521,62.34752251,2.895048983
20240725,sing,7,0.352190187,62.34752251,62.6997127,2.839374964
20240725,sing,7,0.600267233,62.6997127,63.29997993,1.665924683
20240725,sing,8,0.273323852,63.49650518,63.76982904,3.65866349
20240725,sing,8,0.358963075,63.76982904,64.12879211,2.785801852
20240725,sing,8,0.392827516,64.12879211,64.52161963,2.54564652
20240725,conv,6,0.155776429,2.535401824,2.691178253,6.419456441
20240725,conv,6,0.20714072,2.691178253,2.898318972,4.827636023
20240725,conv,6,0.250596864,2.898318972,3.148915836,3.990472923
20240725,conv,6,0.30477997,3.148915836,3.453695806,3.281055514
20240725,conv,6,0.447010622,3.453695806,3.900706428,2.237083305
20240725,conv,6,0.257369752,3.900706428,4.15807618,3.885460477
20240725,conv,6,0.447010622,4.15807618,4.605086802,2.237083305
20240725,conv,6,0.311552858,4.605086802,4.91663966,3.20972822
20240725,conv,6,0.219551238,4.91663966,5.136190898,4.554745442
20240725,conv,6,0.301961155,5.136190898,5.438152053,3.31168425
20240725,conv,6,0.230278199,5.438152053,5.668430252,4.342573474
20240725,conv,6,0.246642791,5.668430252,5.915073043,4.054446502
20240725,conv,6,0.20714072,5.915073043,6.122213762,4.827636023
20240725,conv,6,0.284461305,6.122213762,6.406675067,3.515416622
20240725,conv,6,0.631248646,6.406675067,7.037923713,1.584161814
20240725,conv,6,0.183611699,7.037923713,7.221535412,5.446276062
20240725,conv,6,0.149003541,7.221535412,7.370538953,6.711249915
20240725,conv,6,0.257369752,7.370538953,7.627908705,3.885460477
20240725,conv,6,0.1151391,7.627908705,7.743047805,8.685146949
20240725,conv,6,0.088047547,7.743047805,7.831095352,11.35749986
20240725,conv,6,0.338644411,7.831095352,8.169739762,2.952949963
20240725,conv,6,0.528442038,8.488065508,9.016507546,1.892355127
20240725,conv,6,0.122499652,9.564367071,9.686866722,8.163288511
20240725,conv,6,0.209959535,9.686866722,9.896826257,4.76282252
20240725,conv,6,0.169322205,9.896826257,10.06614846,5.905899925
20240725,conv,6,0.446422958,10.06614846,10.51257142,2.240028165
20240725,conv,6,0.517910495,11.18308735,11.70099785,1.930835558
20240725,conv,6,0.28164249,11.70099785,11.98264034,3.550600621
20240725,conv,6,0.233097014,11.98264034,12.21573735,4.29005924
20240725,conv,6,0.169322205,12.21573735,12.38505956,5.905899925
20240725,conv,6,0.257369752,12.38505956,12.64242931,3.885460477
20240725,conv,6,0.315506931,12.64242931,12.95793624,3.169502478
20240725,conv,6,0.386054628,13.16429388,13.55034851,2.590306985
20240725,conv,6,0.392827516,13.55034851,13.94317602,2.54564652
20240725,conv,6,0.108366211,13.94317602,14.05154224,9.227968633
20240725,conv,6,0.121911988,14.05154224,14.17345422,8.202638785
20240725,conv,6,0.257369752,14.17345422,14.43082398,3.885460477
20240725,conv,6,0.230278199,14.43082398,14.66110217,4.342573474
20240725,conv,6,0.26414264,14.66110217,14.92524481,3.785833285
20240725,conv,6,0.26414264,14.92524481,15.18938746,3.785833285
20240725,conv,6,0.284461305,15.18938746,15.47384876,3.515416622
20240725,conv,6,0.257369752,15.47384876,15.73121851,3.885460477
20240725,conv,6,0.182867982,15.73121851,15.91408649,5.468425857
20240725,conv,6,0.216732423,15.91408649,16.13081892,4.613984317
20240725,conv,6,0.169322205,16.13081892,16.30014112,5.905899925
20240725,conv,6,0.182867982,16.30014112,16.4830091,5.468425857
20240725,conv,6,0.162549317,16.4830091,16.64555842,6.151979089
20240725,conv,6,0.30477997,16.64555842,16.95033839,3.281055514
20240725,conv,6,0.352190187,16.95033839,17.30252858,2.839374964
20240725,conv,6,0.358963075,17.30252858,17.66149165,2.785801852
20240725,conv,6,0.298007081,17.66149165,17.95949873,3.355624958
20240725,conv,6,0.216732423,17.95949873,18.17623116,4.613984317
20240725,conv,6,0.203186646,18.17623116,18.3794178,4.921583271
20240725,conv,6,0.26414264,18.3794178,18.64356044,3.785833285
20240725,conv,6,0.277688417,18.64356044,18.92124886,3.601158491
20240725,conv,6,0.193907754,20.25445061,20.44835836,5.157091355
20240725,conv,6,0.28696731,20.44835836,20.73532567,3.484717481
20240725,conv,7,0.438554177,22.17286083,22.611415,2.280219987
20240725,conv,7,0.307716177,22.90942208,23.21713826,3.249747904
20240725,conv,7,0.220569104,23.21713826,23.43770736,4.533726534
20240725,conv,7,0.179031301,23.43770736,23.61673867,5.58561546
20240725,conv,7,0.203186646,23.61673867,23.81992531,4.921583271
20240725,conv,7,0.155776429,23.81992531,23.97570174,6.419456441
20240725,conv,7,0.166385998,23.97570174,24.14208774,6.010121101
20240725,conv,7,0.246760183,24.14208774,24.38884792,4.052517668
20240725,conv,7,0.237051088,24.84940432,25.08645541,4.218499947
20240725,conv,7,0.088047547,25.08645541,25.17450295,11.35749986
20240725,conv,7,0.155776429,25.17450295,25.33027938,6.419456441
20240725,conv,7,0.182867982,25.33027938,25.51314737,5.468425857
20240725,conv,7,0.176095094,25.51314737,25.68924246,5.678749928
20240725,conv,7,0.291234193,25.68924246,25.98047665,3.433662747
20240725,conv,7,0.182867982,25.98047665,26.16334463,5.468425857
20240725,conv,7,0.162549317,26.16334463,26.32589395,6.151979089
20240725,conv,7,0.338644411,26.32589395,26.66453836,2.952949963
20240725,conv,7,0.414985791,27.09123032,27.50621611,2.40972106
20240725,conv,7,0.120197915,27.81099608,27.93119399,8.319611844
20240725,conv,7,0.179481538,27.93119399,28.11067553,5.571603703
20240725,conv,7,0.169322205,28.11067553,28.27999774,5.905899925
20240725,conv,7,0.352190187,28.27999774,28.63218793,2.839374964
20240725,conv,7,0.203186646,28.63218793,28.83537457,4.921583271
20240725,conv,7,0.142230653,28.83537457,28.97760522,7.030833244
20240725,conv,7,0.216732423,28.97760522,29.19433765,4.613984317
20240725,conv,7,0.253983308,29.19433765,29.44832096,3.937266617
20240725,conv,7,0.159162873,29.75648737,29.91565024,6.282872261
20240725,conv,7,0.211673607,29.91565024,30.12732385,4.724254541
20240725,conv,7,0.377553409,30.37964904,30.75720245,2.648631892
20240725,conv,7,0.203186646,31.02811798,31.23130463,4.921583271
20240725,conv,7,0.230751597,32.70196051,32.9327121,4.333664476
20240725,conv,7,0.213345979,32.9327121,33.14605808,4.687222163
20240725,conv,7,0.169322205,33.14605808,33.31538029,5.905899925
20240725,conv,7,0.32801168,33.31538029,33.64339197,3.048671921
20240725,conv,7,0.271388927,33.64339197,33.91478089,3.684748721
20240725,conv,7,0.199800202,33.91478089,34.1145811,5.004999937
20240725,conv,7,0.388967674,34.1145811,34.50354877,2.570907728
20240725,conv,7,0.291234193,34.50354877,34.79478296,3.433662747
20240725,conv,7,0.392827516,34.79478296,35.18761048,2.54564652
20240725,conv,7,0.155619672,35.18761048,35.34323015,6.425922826
20240725,conv,8,0.65653925,36.07470208,36.73124133,1.523138182
20240725,conv,8,0.311697181,36.98183819,37.29353537,3.208242043
20240725,conv,8,0.196413758,37.29353537,37.48994913,5.091293039
20240725,conv,8,0.220118867,37.48994913,37.710068,4.542999943
20240725,conv,8,0.135457764,37.710068,37.84552576,7.382374907
20240725,conv,8,0.328485078,37.84552576,38.17401084,3.044278312
20240725,conv,8,0.121911988,38.17401084,38.29592283,8.202638785
20240725,conv,8,0.121911988,38.29592283,38.41783482,8.202638785
20240725,conv,8,0.314939302,38.41783482,38.73277412,3.175215014
20240725,conv,8,0.267529084,38.73277412,39.0003032,3.737911345
20240725,conv,8,0.152389985,39.0003032,39.15269319,6.562111028
20240725,conv,8,0.220118867,39.15269319,39.37281206,4.542999943
20240725,conv,8,0.24721042,39.37281206,39.62002248,4.045136935
20240725,conv,8,0.226805142,39.62002248,39.84682762,4.409071104
20240725,conv,8,0.277688417,39.84682762,40.12451604,3.601158491
20240725,conv,8,0.226891755,40.12451604,40.35140779,4.407388004
20240725,conv,8,0.389383362,40.35140779,40.74079115,2.568163145
20240725,conv,8,0.159162873,42.00470538,42.16386825,6.282872261
20240725,conv,8,0.149003541,42.16386825,42.31287179,6.711249915
20240725,conv,8,0.172708649,42.31287179,42.48558044,5.790097966
20240725,conv,8,0.145617097,42.48558044,42.63119754,6.867325495
20240725,conv,8,0.155776429,42.63119754,42.78697396,6.419456441
20240725,conv,8,0.088047547,42.78697396,42.87502151,11.35749986
20240725,conv,8,0.216157271,42.87502151,43.09117878,4.626261222
20240725,conv,8,0.102646348,43.87781232,43.98045866,9.742187778
20240725,conv,8,0.663743045,43.98045866,44.64420171,1.506607124
20240725,conv,8,0.409759737,44.64420171,45.05396145,2.440454515
20240725,conv,8,0.182867982,45.05396145,45.23682943,5.468425857
20240725,conv,8,0.155776429,45.23682943,45.39260586,6.419456441
20240725,conv,8,0.135457764,45.39260586,45.52806362,7.382374907
20240725,conv,8,0.176095094,45.52806362,45.70415871,5.678749928
20240725,conv,8,0.165935761,45.70415871,45.87009448,6.026428495
20240725,conv,8,0.245041467,45.87009448,46.11513594,4.08094194
20240725,conv,8,0.216732423,46.7744023,46.99113472,4.613984317
20240725,conv,8,0.142230653,46.99113472,47.13336537,7.030833244
20240725,conv,8,0.410849983,47.13336537,47.54421536,2.433978439
20240725,conv,8,0.155776429,47.54421536,47.69999178,6.419456441
20240725,conv,8,0.296916835,47.69999178,47.99690862,3.367946443
20240725,conv,8,0.149003541,48.3891352,48.53813874,6.711249915
20240725,conv,8,0.348803743,48.53813874,48.88694248,2.866941711
20240725,conv,8,0.213345979,48.97160358,49.18494956,4.687222163
20240725,conv,8,0.431769589,49.18494956,49.61671915,2.3160501
20240725,conv,9,0.197320506,51.49143844,51.68875894,5.067896992
20240725,conv,9,0.223505311,51.68875894,51.91226426,4.47416661
20240725,conv,9,0.277688417,51.91226426,52.18995267,3.601158491
20240725,conv,9,0.413146181,52.18995267,52.60309885,2.420450789
20240725,conv,9,0.386054628,52.60309885,52.98915348,2.590306985
20240725,conv,9,0.242251537,52.98915348,53.23140502,4.127940782
20240725,conv,9,0.399600405,53.78678185,54.18638226,2.502499968
20240725,conv,9,0.179899967,57.32289449,57.50279445,5.558644708
20240725,conv,9,0.233246214,57.50279445,57.73604067,4.287315035
20240725,conv,9,0.142934226,58.36591927,58.5088535,6.996224961
20240725,conv,9,0.355576631,58.5088535,58.86443013,2.812333298
20240725,conv,9,0.223505311,58.86443013,59.08793544,4.47416661
20240725,conv,9,0.111752656,59.08793544,59.1996881,8.94833322
20240725,conv,9,0.216732423,59.1996881,59.41642052,4.613984317
20240725,conv,9,0.253983308,59.41642052,59.67040383,3.937266617
20240725,conv,9,0.382668184,59.67040383,60.05307201,2.613230055
20240725,conv,9,0.209959535,60.05307201,60.26303155,4.76282252
20240725,conv,9,0.176095094,60.26303155,60.43912664,5.678749928
20240725,conv,9,0.121911988,60.43912664,60.56103863,8.202638785
20240725,conv,9,0.440237734,60.56103863,61.00127636,2.271499971
20240725,conv,9,0.416532625,61.00127636,61.41780899,2.400772327
20240725,conv,9,0.155018609,61.80290522,61.95792383,6.450838423
20240725,conv,9,0.209959535,61.95792383,62.16788337,4.76282252
20240725,conv,9,0.179481538,62.16788337,62.3473649,5.571603703
20240725,conv,9,0.18964087,62.3473649,62.53700577,5.273124933
20240725,conv,9,0.152389985,62.53700577,62.68939576,6.562111028
20240725,conv,9,0.206573091,62.68939576,62.89596885,4.840901578
20240725,conv,9,0.206573091,62.89596885,63.10254194,4.840901578
20240725,conv,9,0.162549317,63.10254194,63.26509126,6.151979089
20240725,conv,9,0.203186646,63.26509126,63.4682779,4.921583271
20240725,conv,9,0.135457764,63.4682779,63.60373567,7.382374907
20240725,conv,9,0.196413758,63.60373567,63.80014943,5.091293039
20240725,conv,9,0.285219125,63.80014943,64.08536855,3.506076251
20240725,conv,9,0.213345979,64.3348918,64.54823778,4.687222163
20240725,conv,9,0.172708649,64.54823778,64.72094643,5.790097966
20240725,conv,9,0.15641914,64.72094643,64.87736556,6.393079533
20240725,conv,9,0.216732423,64.87736556,65.09409799,4.613984317
20240725,conv,9,0.209316824,65.09409799,65.30341481,4.777446843
20240725,conv,9,0.199800202,65.30341481,65.50321501,5.004999937
20240725,conv,9,0.268171795,65.50321501,65.77138681,3.728952925
20240725,conv,9,0.176537,67.97257548,68.14911248,5.664534912
20240725,conv,9,0.196413758,68.14911248,68.34552624,5.091293039
20240725,conv,9,0.159162873,68.34552624,68.50468911,6.282872261
20240725,conv,9,0.158720967,68.50468911,68.66341008,6.300364858
20240725,conv,10,0.126287011,71.1233772,71.24966421,7.918470705
20240725,conv,10,0.209959535,71.24966421,71.45962375,4.76282252
20240725,conv,10,0.149003541,71.45962375,71.60862729,6.711249915
20240725,conv,10,0.159162873,71.60862729,71.76779016,6.282872261
20240725,conv,10,0.193027314,71.76779016,71.96081748,5.18061397
20240725,conv,10,0.1151391,71.96081748,72.07595658,8.685146949
20240725,conv,10,0.172708649,72.07595658,72.24866522,5.790097966
20240725,conv,10,0.135457764,72.24866522,72.38412299,7.382374907
20240725,conv,10,0.314939302,72.38412299,72.69906229,3.175215014
20240725,conv,10,0.172708649,72.69906229,72.87177094,5.790097966
20240725,conv,10,0.149003541,72.87177094,73.02077448,6.711249915
20240725,conv,10,0.169322205,73.02077448,73.19009669,5.905899925
20240725,conv,10,0.251252476,73.19009669,73.44134916,3.980060282
20240725,conv,10,0.260156544,73.44134916,73.70150571,3.843839505
20240725,conv,10,0.179481538,73.70150571,73.88098724,5.571603703
20240725,conv,10,0.342030855,73.88098724,74.2230181,2.923712834
20240725,conv,10,0.155776429,75.18762501,75.34340144,6.419456441
20240725,conv,10,0.308166414,75.34340144,75.65156786,3.244999959
20240725,conv,10,0.253983308,75.65156786,75.90555116,3.937266617
20240725,conv,10,0.631007912,75.90555116,76.53655908,1.584766183
20240725,conv,10,0.240981912,78.10679579,78.34777771,4.149689036
20240725,conv,10,0.135457764,78.61869323,78.754151,7.382374907
20240725,conv,10,0.20602871,78.754151,78.96017971,4.853692485
20240725,conv,10,0.177872794,79.08886458,79.26673738,5.621995234
20240725,conv,10,0.088047547,81.68371863,81.77176618,11.35749986
20240725,conv,10,0.152921885,81.77176618,81.92468806,6.539286363
20240725,conv,10,0.196413758,81.92468806,82.12110182,5.091293039
20240725,conv,10,0.230278199,82.12110182,82.35138002,4.342573474
20240725,conv,10,0.193027314,82.35138002,82.54440734,5.18061397
20240725,conv,10,0.283929404,82.54440734,82.82833674,3.522002246
20240725,conv,10,0.200332103,82.82833674,83.02866884,4.99171119
20240725,conv,10,0.172176749,83.02866884,83.20084559,5.807985147
20240821,sing,13,0.436248103,0.682484825,1.118732929,2.292273577
20240821,sing,13,0.406373293,1.118732929,1.525106222,2.460791636
20240821,sing,13,0.474102175,1.525106222,1.999208397,2.109249973
20240821,sing,13,0.535058169,1.999208397,2.534266566,1.868955673
20240821,sing,13,0.386054628,2.534266566,2.920321194,2.590306985
20240821,sing,13,0.444227365,2.920321194,3.364548558,2.251099503
20240821,sing,12,0.139764267,5.365937026,5.505701293,7.154904603
20240821,sing,12,0.372508852,5.505701293,5.878210145,2.684499966
20240821,sing,12,0.426691958,5.878210145,6.304902102,2.343611081
20240821,sing,12,0.616332828,6.304902102,6.92123493,1.622499979
20240821,sing,12,0.37928174,6.92123493,7.30051667,2.636562467
20240821,sing,12,0.290314134,7.30051667,7.590830804,3.444544657
20240821,sing,11,0.308536806,8.669116856,8.977653662,3.241104396
20240821,sing,11,0.406373293,8.977653662,9.384026955,2.460791636
20240821,sing,11,0.49442084,9.384026955,9.878447795,2.022568468
20240821,sing,11,0.589241275,9.878447795,10.46768907,1.69709768
20240821,sing,11,0.456799562,10.46768907,10.92448863,2.189143957
20240821,sing,14,0.299995273,11.66611989,11.96611516,3.333385857
20240821,sing,14,0.426691958,11.96611516,12.39280712,2.343611081
20240821,sing,14,0.37928174,12.39280712,12.77208886,2.636562467
20240821,sing,14,0.64342438,12.77208886,13.41551324,1.554184191
20240821,sing,14,0.460556399,13.41551324,13.87606964,2.171286737
20240821,sing,14,0.440237734,13.87606964,14.31630737,2.271499971
20240821,sing,14,0.529683533,14.31630737,14.84599091,1.887919743
20240821,sing,13,0.275556293,14.95250743,15.22806373,3.629022552
20240821,sing,13,0.358963075,15.22806373,15.5870268,2.785801852
20240821,sing,13,0.514739504,15.5870268,16.10176631,1.942730239
20240821,sing,13,0.318325746,16.40654628,16.72487202,3.14143613
20240821,sing,13,0.318325746,16.72487202,17.04319777,3.14143613
20240821,sing,13,0.704380374,17.04319777,17.74757814,1.419687482
20240821,sing,13,0.902926257,17.74757814,18.6505044,1.107510157
20240821,sing,12,0.328820254,19.08389038,19.41271064,3.041175199
20240821,sing,12,0.386054628,19.41271064,19.79876527,2.590306985
20240821,sing,12,0.440237734,19.79876527,20.239003,2.271499971
20240821,sing,12,0.45378351,20.72665095,21.18043446,2.203694002
20240821,sing,12,0.582468386,21.18043446,21.76290285,1.716831374
20240821,sing,11,0.528469609,23.02571133,23.55418093,1.892256399
20240821,sing,11,0.541831057,23.55418093,24.09601199,1.845593727
20240821,sing,11,0.670515933,24.09601199,24.76652792,1.49138887
20240821,sing,11,0.413146181,24.76652792,25.17967411,2.420450789
20240821,sing,11,0.51794162,25.17967411,25.69761573,1.930719528
20240821,sing,13,0.339930733,26.23612141,26.57605214,2.941775791
20240821,sing,13,0.345417299,26.57605214,26.92146944,2.895048983
20240821,sing,13,0.284461305,26.92146944,27.20593075,3.515416622
20240821,sing,13,0.325098634,27.20593075,27.53102938,3.075989544
20240821,sing,13,0.548603945,27.53102938,28.07963333,1.822808619
20240821,sing,13,0.272046347,28.07963333,28.35167968,3.675844248
20240821,sing,13,0.589241275,28.35167968,28.94092095,1.69709768
20240821,sing,13,0.56892261,28.94092095,29.50984356,1.757708311
20240821,sing,13,0.657939461,29.50984356,30.16778302,1.519896677
20240821,sing,12,0.243823976,31.02804505,31.27186902,4.101319393
20240821,sing,12,0.460556399,31.27186902,31.73242542,2.171286737
20240821,sing,12,0.447010622,31.73242542,32.17943604,2.237083305
20240821,sing,12,0.365735964,32.17943604,32.54517201,2.734212928
20240821,sing,12,0.487647951,32.54517201,33.03281996,2.050659696
20240821,sing,12,0.465724217,33.03281996,33.49854417,2.147193474
20240821,sing,11,0.202524068,33.97603279,34.17855686,4.937684744
20240821,sing,11,0.18964087,34.17855686,34.36819773,5.273124933
20240821,sing,11,0.352190187,34.36819773,34.72038792,2.839374964
20240821,sing,11,0.284461305,34.72038792,35.00484922,3.515416622
20240821,sing,11,0.386054628,35.00484922,35.39090385,2.590306985
20240821,sing,11,0.26414264,35.39090385,35.65504649,3.785833285
20240821,sing,11,0.270915529,35.81082292,36.08173845,3.691187453
20240821,sing,11,0.423968092,36.08173845,36.50570654,2.358668067
20240821,sing,14,0.288502525,37.41194418,37.70044671,3.466174169
20240821,sing,14,0.406373293,37.70044671,38.10682,2.460791636
20240821,sing,14,0.45378351,38.10682,38.56060351,2.203694002
20240821,sing,14,0.731471927,38.56060351,39.29207544,1.367106464
20240821,sing,14,0.311552858,39.29207544,39.6036283,3.20972822
20240821,sing,14,0.392827516,39.6036283,39.99645581,2.54564652
20240821,sing,14,0.503925396,39.99645581,40.50038121,1.984420726
20240821,sing,13,0.496238683,40.69340852,41.18964721,2.015159308
20240821,sing,13,0.548603945,41.18964721,41.73825115,1.822808619
20240821,sing,13,0.697607486,42.12430578,42.82191327,1.433470856
20240821,sing,13,0.68406171,42.82191327,43.50597498,1.461856417
20240821,sing,13,0.904909571,43.50597498,44.41088455,1.105082797
20240821,sing,12,0.238615978,44.70550519,44.94412116,4.190834192
20240821,sing,12,0.433464846,44.94412116,45.37758601,2.306992158
20240821,sing,12,0.536879722,45.37758601,45.91446573,1.862614583
20240821,sing,12,0.3619825,48.06787019,48.42985269,2.762564485
20240821,sing,12,0.426691958,48.42985269,48.85654464,2.343611081
20240821,sing,12,0.562149722,48.85654464,49.41869437,1.77888552
20240821,sing,11,0.360258955,49.9740712,50.33433015,2.775781104
20240821,sing,11,0.487647951,50.33433015,50.82197811,2.050659696
20240821,sing,11,0.237051088,51.01839186,51.25544295,4.218499947
20240821,sing,11,0.26414264,51.25544295,51.51958559,3.785833285
20240821,sing,11,0.562149722,51.51958559,52.08173531,1.77888552
20240821,sing,11,0.557834417,52.08173531,52.63956973,1.792646652
20240821,sing,14,0.738848002,53.36798089,54.10682889,1.353458353
20240821,sing,14,1.039035154,54.10682889,55.14586404,0.962431344
20240821,sing,13,0.356179818,55.14586404,55.50204386,2.807570642
20240821,sing,13,0.352190187,55.50204386,55.85423405,2.839374964
20240821,sing,13,0.71393652,55.85423405,56.56817057,1.400684756
20240821,conv,14,0.249993677,0.380488113,0.630481791,4.000101166
20240821,conv,14,0.135457764,0.725302226,0.86075999,7.382374907
20240821,conv,14,0.159162873,0.86075999,1.019922863,6.282872261
20240821,conv,14,0.179481538,1.019922863,1.199404401,5.571603703
20240821,conv,14,0.118525544,1.199404401,1.317929944,8.436999893
20240821,conv,14,0.257369752,1.317929944,1.575299697,3.885460477
20240821,conv,14,0.139447395,1.575299697,1.714747092,7.171163002
20240821,conv,14,0.128684876,2.055255027,2.183939903,7.770920954
20240821,conv,14,0.182867982,2.183939903,2.366807885,5.468425857
20240821,conv,14,0.162549317,2.366807885,2.529357202,6.151979089
20240821,conv,14,0.450397066,2.529357202,2.979754268,2.22026313
20240821,conv,14,0.22502823,2.979754268,3.204782499,4.443886877
20240821,conv,14,0.161026398,3.204782499,3.365808897,6.210161896
20240821,conv,14,0.325098634,3.365808897,3.690907531,3.075989544
20240821,conv,14,0.146225344,4.186222134,4.332447478,6.838759768
20240821,conv,14,0.257369752,4.332447478,4.58981723,3.885460477
20240821,conv,14,0.260756196,4.58981723,4.850573427,3.834999952
20240821,conv,14,0.12130374,4.850573427,4.971877167,8.243768878
20240821,conv,14,0.125906679,4.971877167,5.097783846,7.942390385
20240821,conv,14,0.088047547,5.097783846,5.185831393,11.35749986
20240821,conv,14,0.182867982,5.185831393,5.368699375,5.468425857
20240821,conv,14,0.186254426,5.368699375,5.554953801,5.368999932
20240821,conv,14,0.386054628,5.554953801,5.941008429,2.590306985
20240821,conv,14,0.186254426,6.134035743,6.320290169,5.368999932
20240821,conv,14,0.216732423,6.320290169,6.537022592,4.613984317
20240821,conv,14,0.582489295,6.537022592,7.119511887,1.716769749
20240821,conv,13,0.471730671,7.893096974,8.364827645,2.119853684
20240821,conv,13,0.128684876,8.364827645,8.493512521,7.770920954
20240821,conv,13,0.522297069,8.493512521,9.01580959,1.914619208
20240821,conv,13,0.099674006,9.806995376,9.906669382,10.032706
20240821,conv,13,0.155776429,9.906669382,10.06244581,6.419456441
20240821,conv,13,0.213345979,10.06244581,10.27579179,4.687222163
20240821,conv,13,0.213345979,10.27579179,10.48913777,4.687222163
20240821,conv,13,0.176095094,10.48913777,10.66523286,5.678749928
20240821,conv,13,0.314939302,10.66523286,10.98017216,3.175215014
20240821,conv,13,0.081274659,10.98017216,11.06144682,12.30395818
20240821,conv,13,0.176095094,11.06144682,11.23754192,5.678749928
20240821,conv,13,0.763869241,11.23754192,12.00141116,1.309124581
20240821,conv,13,0.121911988,12.46872427,12.59063626,8.202638785
20240821,conv,13,0.11766205,12.59063626,12.7082983,8.498917057
20240821,conv,13,0.152389985,12.7082983,12.86068829,6.562111028
20240821,conv,13,0.084661103,12.95212228,13.03678338,11.81179985
20240821,conv,13,0.186254426,13.03678338,13.22303781,5.368999932
20240821,conv,13,0.142230653,13.22303781,13.36526846,7.030833244
20240821,conv,13,0.416532625,13.36526846,13.78180109,2.400772327
20240821,conv,13,0.083827587,13.95198679,14.03581437,11.92924712
20240821,conv,13,0.152389985,14.03581437,14.18820436,6.562111028
20240821,conv,13,0.101593323,14.18820436,14.28979768,9.843166542
20240821,conv,13,0.267529084,14.28979768,14.55732677,3.737911345
20240821,conv,13,0.193027314,14.55732677,14.75035408,5.18061397
20240821,conv,13,0.142230653,14.75035408,14.89258473,7.030833244
20240821,conv,13,0.172708649,14.89258473,15.06529338,5.790097966
20240821,conv,13,0.077888214,15.06529338,15.1431816,12.83891288
20240821,conv,13,0.209959535,15.1431816,15.35314113,4.76282252
20240821,conv,13,0.138844208,15.35314113,15.49198534,7.202316982
20240821,conv,13,0.1151391,15.63421599,15.74935509,8.685146949
20240821,conv,13,0.220118867,15.74935509,15.96947396,4.542999943
20240821,conv,13,0.366569479,15.96947396,16.33604344,2.7279958
20240821,conv,13,0.196413758,16.33604344,16.5324572,5.091293039
20240821,conv,13,0.108366211,17.18432264,17.29268885,9.227968633
20240821,conv,13,0.121911988,17.29268885,17.41460083,8.202638785
20240821,conv,13,0.159162873,17.41460083,17.57376371,6.282872261
20240821,conv,13,0.216732423,17.57376371,17.79049613,4.613984317
20240821,conv,13,0.165935761,17.79049613,17.95643189,6.026428495
20240821,conv,13,0.128684876,17.95643189,18.08511677,7.770920954
20240821,conv,13,0.179481538,18.08511677,18.26459831,5.571603703
20240821,conv,13,0.145617097,18.26459831,18.4102154,6.867325495
20240821,conv,13,0.159162873,18.4102154,18.56937828,6.282872261
20240821,conv,13,0.169322205,18.56937828,18.73870048,5.905899925
20240821,conv,13,0.202215495,18.86497006,19.06718556,4.945219448
20240821,conv,13,0.183839133,19.06718556,19.25102469,5.439538275
20240821,conv,12,0.318325746,21.75947536,22.07780111,3.14143613
20240821,conv,12,0.203186646,22.07780111,22.28098776,4.921583271
20240821,conv,12,0.223505311,22.28098776,22.50449307,4.47416661
20240821,conv,12,0.345417299,22.67381527,23.01923257,2.895048983
20240821,conv,12,0.352190187,23.01923257,23.37142276,2.839374964
20240821,conv,12,0.257369752,23.37142276,23.62879251,3.885460477
20240821,conv,12,0.176095094,23.62879251,23.8048876,5.678749928
20240821,conv,12,0.1151391,23.98775559,24.10289469,8.685146949
20240821,conv,12,0.094820435,24.10289469,24.19771512,10.54624987
20240821,conv,12,0.196413758,24.19771512,24.39412888,5.091293039
20240821,conv,12,0.07450177,24.39412888,24.46863065,13.42249983
20240821,conv,12,0.158825149,24.46863065,24.6274558,6.296232079
20240821,conv,14,0.156242273,24.6274558,24.78369807,6.40031652
20240821,conv,14,0.152389985,24.78369807,24.93608806,6.562111028
20240821,conv,14,0.182867982,24.93608806,25.11895604,5.468425857
20240821,conv,14,0.196413758,25.11895604,25.3153698,5.091293039
20240821,conv,14,0.182867982,25.3153698,25.49823778,5.468425857
20240821,conv,14,0.298007081,25.49823778,25.79624486,3.355624958
20240821,conv,14,0.243820792,25.79624486,26.04006565,4.10137295
20240821,conv,14,0.196413758,26.04006565,26.23647941,5.091293039
20240821,conv,14,0.182867982,26.23647941,26.41934739,5.468425857
20240821,conv,14,0.182867982,27.87551836,28.05838634,5.468425857
20240821,conv,14,0.270915529,28.05838634,28.32930187,3.691187453
20240821,conv,13,0.18964087,28.62011186,28.80975273,5.273124933
20240821,conv,13,0.176519299,28.80975273,28.98627203,5.665102933
20240821,conv,13,0.128684876,28.98627203,29.1149569,7.770920954
20240821,conv,13,0.149003541,32.94037475,33.08937829,6.711249915
20240821,conv,13,0.179481538,33.08937829,33.26885982,5.571603703
20240821,conv,13,0.240437532,33.26885982,33.50929736,4.159084454
20240821,conv,13,0.196413758,33.50929736,33.70571111,5.091293039
20240821,conv,13,0.149841961,33.70571111,33.85555308,6.673698008
20240821,conv,13,0.093982014,33.85555308,33.94953509,10.64033377
20240821,conv,13,0.13207132,33.94953509,34.08160641,7.571666571
20240821,conv,13,0.45378351,34.08160641,34.53538992,2.203694002
20240821,conv,13,0.258208173,34.64714258,34.90535075,3.872844104
20240821,conv,13,0.445564906,34.90535075,35.35091566,2.244341925
20240821,conv,13,0.246869803,37.75733349,38.00420329,4.050718182
20240821,conv,13,0.200501689,38.00420329,38.20470498,4.987489166
20240821,conv,13,0.243823976,38.20470498,38.44852896,4.101319393
20240821,conv,13,0.207274577,39.04045519,39.24772977,4.824518352
20240821,conv,13,0.20248516,39.24772977,39.45021493,4.938633525
20240821,conv,13,0.183569468,39.45021493,39.6337844,5.447528994
20240821,conv,11,0.091433991,41.11837476,41.20980875,10.93685171
20240821,conv,11,0.18964087,41.20980875,41.39944962,5.273124933
20240821,conv,11,0.169322205,41.39944962,41.56877182,5.905899925
20240821,conv,11,0.287847749,41.56877182,41.85661957,3.47405878
20240821,conv,11,0.223505311,41.85661957,42.08012488,4.47416661
20240821,conv,11,0.12748197,42.08012488,42.20760685,7.844246543
20240821,conv,11,0.140047115,42.20760685,42.34765397,7.140454136
20240821,conv,11,0.237051088,42.34765397,42.58470506,4.218499947
20240821,conv,11,0.18505152,42.58470506,42.76975658,5.403900506
20240821,conv,11,0.49901019,42.76975658,43.26876677,2.003967093
20240821,conv,11,0.331871523,43.26876677,43.60063829,3.013214248
20240821,conv,11,0.212143072,43.60063829,43.81278136,4.713799932
20240821,conv,11,0.257369752,43.81278136,44.07015111,3.885460477
20240821,conv,14,0.076167243,44.68426796,44.7604352,13.12900348
20240821,conv,14,0.327886702,44.7604352,45.0883219,3.049833963
20240821,conv,14,0.261354573,45.0883219,45.34967647,3.826219645
20240821,conv,14,0.142230653,45.5664089,45.70863955,7.030833244
20240821,conv,14,0.250596864,45.70863955,45.95923641,3.990472923
20240821,conv,14,0.284461305,45.95923641,46.24369772,3.515416622
20240821,conv,14,0.070104549,46.78552878,46.85563332,14.26440948
20240821,conv,14,0.369122408,46.85563332,47.22475573,2.709128406
20240821,conv,14,0.233664643,47.22475573,47.45842038,4.279637627
20240821,conv,14,0.314939302,47.45842038,47.77335968,3.175215014
20240821,conv,14,0.320777468,47.77335968,48.09413715,3.117425938
20240821,conv,14,0.237051088,48.09413715,48.33118823,4.218499947
20240821,conv,14,0.267529084,48.33118823,48.59871732,3.737911345
20240821,conv,14,0.206573091,48.59871732,48.80529041,4.840901578
20240821,conv,14,0.176095094,48.80529041,48.9813855,5.678749928
20240821,conv,14,0.165935761,48.9813855,49.14732126,6.026428495
20240821,conv,14,0.267529084,49.14732126,49.41485035,3.737911345
20240821,conv,14,0.287847749,49.41485035,49.7026981,3.47405878
20240821,conv,14,0.178040592,49.7026981,49.88073869,5.61669666
20240821,conv,14,0.298007081,49.88073869,50.17874577,3.355624958
20240821,conv,14,0.164131043,50.58745998,50.75159103,6.092692654
20240821,conv,14,0.284461305,50.75159103,51.03605233,3.515416622
20240821,conv,14,0.138844208,51.03605233,51.17489654,7.202316982
20240821,conv,14,0.13207132,51.17489654,51.30696786,7.571666571
20240821,conv,14,0.240437532,51.30696786,51.54740539,4.159084454
20240821,conv,14,0.294620637,51.54740539,51.84202603,3.394195359
20240821,conv,14,0.155776429,51.84202603,51.99780246,6.419456441
20240821,conv,14,0.091433991,51.99780246,52.08923645,10.93685171
20240821,conv,14,0.144035371,52.08923645,52.23327182,6.942739097
20240821,conv,14,0.298007081,52.23327182,52.5312789,3.355624958
20240821,conv,14,0.528285281,52.5312789,53.05956418,1.892916643
20240821,conv,12,0.152389985,53.80041538,53.95280537,6.562111028
20240821,conv,12,0.121308801,54.05439869,54.17570749,8.243424962
20240821,conv,12,0.207176277,54.17570749,54.38288377,4.826807459
20240821,conv,12,0.220118867,54.38288377,54.60300263,4.542999943
20240821,conv,12,0.165935761,54.60300263,54.7689384,6.026428495
20240821,conv,12,0.169322205,54.7689384,54.9382606,5.905899925
20240821,conv,12,0.226891755,54.9382606,55.16515236,4.407388004
20240821,conv,12,0.24721042,55.16515236,55.41236278,4.045136935
20240821,conv,12,0.18964087,55.41236278,55.60200365,5.273124933
20240821,conv,12,0.382064997,55.60200365,55.98406864,2.617355703
