time,f0,speaker,date,condition
4.112,147.405139,2,20240724,sing
4.117,146.057132,2,20240724,sing
4.122,144.633345,2,20240724,sing
4.127,144.107939,2,20240724,sing
4.132,143.124769,2,20240724,sing
4.137,141.701631,2,20240724,sing
4.142,140.424394,2,20240724,sing
4.147,140.438967,2,20240724,sing
4.152,141.56672,2,20240724,sing
4.157,142.519145,2,20240724,sing
4.162,141.621841,2,20240724,sing
4.167,139.546348,2,20240724,sing
4.172,187.223268,2,20240724,sing
4.177,188.208519,2,20240724,sing
4.182,188.41424,2,20240724,sing
4.187,187.634216,2,20240724,sing
4.192,185.50016,2,20240724,sing
4.197,182.875297,2,20240724,sing
4.202,180.919343,2,20240724,sing
4.207,179.855049,2,20240724,sing
4.212,179.195309,2,20240724,sing
4.217,178.463194,2,20240724,sing
4.222,177.662056,2,20240724,sing
4.227,177.400773,2,20240724,sing
4.232,177.950617,2,20240724,sing
4.237,178.948878,2,20240724,sing
4.242,180.144077,2,20240724,sing
4.247,181.473192,2,20240724,sing
4.252,182.548096,2,20240724,sing
4.257,182.908853,2,20240724,sing
4.262,182.628782,2,20240724,sing
4.267,182.150587,2,20240724,sing
4.272,182.036928,2,20240724,sing
4.277,182.540759,2,20240724,sing
4.282,183.122172,2,20240724,sing
4.287,182.749449,2,20240724,sing
4.292,181.641936,2,20240724,sing
4.297,180.908434,2,20240724,sing
4.302,180.630409,2,20240724,sing
4.307,180.489639,2,20240724,sing
4.312,180.219761,2,20240724,sing
4.317,179.776717,2,20240724,sing
4.322,179.400691,2,20240724,sing
4.327,179.234415,2,20240724,sing
4.332,179.058959,2,20240724,sing
4.337,178.69821,2,20240724,sing
4.342,178.450039,2,20240724,sing
4.347,178.590401,2,20240724,sing
4.352,178.725171,2,20240724,sing
4.357,178.517262,2,20240724,sing
4.362,178.054031,2,20240724,sing
4.367,177.504694,2,20240724,sing
4.372,176.926579,2,20240724,sing
4.377,176.3683,2,20240724,sing
4.382,175.894175,2,20240724,sing
4.387,175.460824,2,20240724,sing
4.392,175.04033,2,20240724,sing
4.397,174.685433,2,20240724,sing
4.402,174.490354,2,20240724,sing
4.407,174.447553,2,20240724,sing
4.412,174.441921,2,20240724,sing
4.417,174.380128,2,20240724,sing
4.422,174.249947,2,20240724,sing
4.427,174.139338,2,20240724,sing
4.432,174.062893,2,20240724,sing
4.437,173.910141,2,20240724,sing
4.442,173.455111,2,20240724,sing
4.447,172.685314,2,20240724,sing
4.452,172.115382,2,20240724,sing
4.457,172.165711,2,20240724,sing
4.462,172.571536,2,20240724,sing
4.467,172.809424,2,20240724,sing
4.472,172.553037,2,20240724,sing
4.477,171.874955,2,20240724,sing
4.482,171.139749,2,20240724,sing
4.487,170.429513,2,20240724,sing
4.492,169.847841,2,20240724,sing
4.497,170.208548,2,20240724,sing
4.502,171.816049,2,20240724,sing
4.507,173.856668,2,20240724,sing
4.512,175.600887,2,20240724,sing
4.517,175.677305,2,20240724,sing
4.522,173.369078,2,20240724,sing
4.527,170.781849,2,20240724,sing
4.532,169.226912,2,20240724,sing
4.537,169.1075,2,20240724,sing
4.542,170.825219,2,20240724,sing
4.547,172.026703,2,20240724,sing
4.552,172.177836,2,20240724,sing
4.557,176.17383,2,20240724,sing
4.562,185.422518,2,20240724,sing
4.567,192.755395,2,20240724,sing
4.572,201.471006,2,20240724,sing
4.577,207.676101,2,20240724,sing
4.582,212.511024,2,20240724,sing
4.587,215.371206,2,20240724,sing
4.592,215.904803,2,20240724,sing
4.597,213.952023,2,20240724,sing
4.602,211.262001,2,20240724,sing
4.607,209.891539,2,20240724,sing
4.612,210.238888,2,20240724,sing
4.617,210.906985,2,20240724,sing
4.622,210.986973,2,20240724,sing
4.627,210.2863,2,20240724,sing
4.632,209.067913,2,20240724,sing
4.637,207.791385,2,20240724,sing
4.642,206.948131,2,20240724,sing
4.647,206.732754,2,20240724,sing
4.652,206.750802,2,20240724,sing
4.657,206.667909,2,20240724,sing
4.662,206.529197,2,20240724,sing
4.667,206.422713,2,20240724,sing
4.672,206.211886,2,20240724,sing
4.677,205.898587,2,20240724,sing
4.682,205.556651,2,20240724,sing
4.687,205.124807,2,20240724,sing
4.692,204.533618,2,20240724,sing
4.697,203.958516,2,20240724,sing
4.702,203.645854,2,20240724,sing
4.707,203.609949,2,20240724,sing
4.712,203.966093,2,20240724,sing
4.717,205.124202,2,20240724,sing
4.722,207.165672,2,20240724,sing
4.727,208.321674,2,20240724,sing
4.732,207.905841,2,20240724,sing
4.737,206.698017,2,20240724,sing
4.742,205.000989,2,20240724,sing
4.747,202.880429,2,20240724,sing
4.752,200.874462,2,20240724,sing
4.757,199.89337,2,20240724,sing
4.762,199.808083,2,20240724,sing
4.767,199.545802,2,20240724,sing
4.772,198.403891,2,20240724,sing
4.777,197.072027,2,20240724,sing
4.782,197.013634,2,20240724,sing
4.787,197.729846,2,20240724,sing
4.792,198.314992,2,20240724,sing
4.797,198.840843,2,20240724,sing
4.802,199.486201,2,20240724,sing
4.807,199.919617,2,20240724,sing
4.812,199.638588,2,20240724,sing
4.817,198.566321,2,20240724,sing
4.822,197.474821,2,20240724,sing
4.827,197.278395,2,20240724,sing
4.832,197.88842,2,20240724,sing
4.837,198.378682,2,20240724,sing
4.842,197.907282,2,20240724,sing
4.847,196.453274,2,20240724,sing
4.852,195.121565,2,20240724,sing
4.857,195.117017,2,20240724,sing
4.862,195.857311,2,20240724,sing
4.867,196.548206,2,20240724,sing
4.872,197.275257,2,20240724,sing
4.877,198.123424,2,20240724,sing
4.882,198.960571,2,20240724,sing
4.887,199.560103,2,20240724,sing
4.892,199.755736,2,20240724,sing
4.897,199.69325,2,20240724,sing
4.902,199.677047,2,20240724,sing
4.907,199.358761,2,20240724,sing
4.912,197.896704,2,20240724,sing
4.917,195.751174,2,20240724,sing
4.922,193.881247,2,20240724,sing
4.927,192.669809,2,20240724,sing
4.932,192.638062,2,20240724,sing
4.937,193.043106,2,20240724,sing
4.942,193.123663,2,20240724,sing
4.947,193.436866,2,20240724,sing
4.952,194.916185,2,20240724,sing
4.957,197.172169,2,20240724,sing
4.962,198.016675,2,20240724,sing
4.967,195.154715,2,20240724,sing
4.972,192.024932,2,20240724,sing
4.977,213.267937,2,20240724,sing
4.982,219.488377,2,20240724,sing
4.987,220.854688,2,20240724,sing
4.992,221.921764,2,20240724,sing
4.997,222.527007,2,20240724,sing
5.002,222.05388,2,20240724,sing
5.007,220.915475,2,20240724,sing
5.012,219.951159,2,20240724,sing
5.017,219.355283,2,20240724,sing
5.022,218.781993,2,20240724,sing
5.027,217.806127,2,20240724,sing
5.032,216.229077,2,20240724,sing
5.037,214.382239,2,20240724,sing
5.042,212.94726,2,20240724,sing
5.047,212.506804,2,20240724,sing
5.052,213.082265,2,20240724,sing
5.057,213.968745,2,20240724,sing
5.062,214.34143,2,20240724,sing
5.067,213.60011,2,20240724,sing
5.072,211.877359,2,20240724,sing
5.077,210.292623,2,20240724,sing
5.082,209.635597,2,20240724,sing
5.087,209.266471,2,20240724,sing
5.092,208.236609,2,20240724,sing
5.097,206.197445,2,20240724,sing
5.102,203.753298,2,20240724,sing
5.107,202.156858,2,20240724,sing
5.112,201.998055,2,20240724,sing
5.117,202.724348,2,20240724,sing
5.122,203.609252,2,20240724,sing
5.127,204.288581,2,20240724,sing
5.132,204.570427,2,20240724,sing
5.137,204.294363,2,20240724,sing
5.142,203.311978,2,20240724,sing
5.147,202.16164,2,20240724,sing
5.152,202.715854,2,20240724,sing
5.157,204.515577,2,20240724,sing
5.162,205.707247,2,20240724,sing
5.167,206.114054,2,20240724,sing
5.172,206.194435,2,20240724,sing
5.177,206.426432,2,20240724,sing
5.182,207.161416,2,20240724,sing
5.187,208.467966,2,20240724,sing
5.192,210.191763,2,20240724,sing
5.197,212.033735,2,20240724,sing
5.202,213.283685,2,20240724,sing
5.207,213.243847,2,20240724,sing
5.212,212.698034,2,20240724,sing
5.217,212.429648,2,20240724,sing
5.222,212.362175,2,20240724,sing
5.227,212.226803,2,20240724,sing
5.232,211.895269,2,20240724,sing
5.237,211.368836,2,20240724,sing
5.242,210.824131,2,20240724,sing
5.247,210.4557,2,20240724,sing
5.252,210.179517,2,20240724,sing
5.257,209.712088,2,20240724,sing
5.262,209.063201,2,20240724,sing
5.267,208.583205,2,20240724,sing
5.272,208.584089,2,20240724,sing
5.277,209.059269,2,20240724,sing
5.282,209.749907,2,20240724,sing
5.287,210.37985,2,20240724,sing
5.292,210.850379,2,20240724,sing
5.297,211.302501,2,20240724,sing
5.302,211.839035,2,20240724,sing
5.307,212.08308,2,20240724,sing
5.312,211.775605,2,20240724,sing
5.317,211.382084,2,20240724,sing
5.322,211.263938,2,20240724,sing
5.327,211.28764,2,20240724,sing
5.332,211.287741,2,20240724,sing
5.337,211.3186,2,20240724,sing
5.342,211.616196,2,20240724,sing
5.347,212.356775,2,20240724,sing
5.352,213.597261,2,20240724,sing
5.357,215.350009,2,20240724,sing
5.362,217.373636,2,20240724,sing
5.367,218.52584,2,20240724,sing
5.372,218.746916,2,20240724,sing
5.377,218.536975,2,20240724,sing
5.382,217.794851,2,20240724,sing
5.387,216.324883,2,20240724,sing
5.392,214.06155,2,20240724,sing
5.397,211.379755,2,20240724,sing
5.402,209.564876,2,20240724,sing
5.407,209.739359,2,20240724,sing
5.412,210.58601,2,20240724,sing
5.417,211.364413,2,20240724,sing
5.422,212.466871,2,20240724,sing
5.427,214.104288,2,20240724,sing
5.432,216.413701,2,20240724,sing
5.437,219.591505,2,20240724,sing
5.442,222.365927,2,20240724,sing
5.447,225.27066,2,20240724,sing
5.452,228.002125,2,20240724,sing
5.457,229.170834,2,20240724,sing
5.462,229.84418,2,20240724,sing
5.467,230.535188,2,20240724,sing
5.472,230.651412,2,20240724,sing
5.477,229.094912,2,20240724,sing
5.482,226.77175,2,20240724,sing
5.487,230.028787,2,20240724,sing
5.492,250.085062,2,20240724,sing
5.497,259.464296,2,20240724,sing
5.502,261.424099,2,20240724,sing
5.507,260.574169,2,20240724,sing
5.512,260.472269,2,20240724,sing
5.517,261.464549,2,20240724,sing
5.522,258.076866,2,20240724,sing
5.527,236.100583,2,20240724,sing
5.532,230.6959,2,20240724,sing
5.537,233.560742,2,20240724,sing
5.542,236.907043,2,20240724,sing
5.547,245.741445,2,20240724,sing
5.552,132.393186,2,20240724,sing
5.557,135.055161,2,20240724,sing
5.562,134.372698,2,20240724,sing
5.567,132.560578,2,20240724,sing
5.572,130.223555,2,20240724,sing
5.577,130.865494,2,20240724,sing
5.582,134.612193,2,20240724,sing
5.587,135.119297,2,20240724,sing
5.592,133.628251,2,20240724,sing
5.597,131.805514,2,20240724,sing
5.602,130.942187,2,20240724,sing
5.607,131.819316,2,20240724,sing
5.637,128.910655,2,20240724,sing
5.642,129.427371,2,20240724,sing
5.647,129.554619,2,20240724,sing
5.652,129.181585,2,20240724,sing
5.657,128.306989,2,20240724,sing
5.662,127.474474,2,20240724,sing
5.667,127.778733,2,20240724,sing
18.696,232.074508,2,20240724,sing
18.701,232.114873,2,20240724,sing
18.706,231.946009,2,20240724,sing
18.711,231.856583,2,20240724,sing
18.716,231.910057,2,20240724,sing
18.721,231.932889,2,20240724,sing
18.726,231.887111,2,20240724,sing
18.731,231.7991,2,20240724,sing
18.736,231.568364,2,20240724,sing
18.741,231.066112,2,20240724,sing
18.746,230.253339,2,20240724,sing
18.751,229.105885,2,20240724,sing
18.756,227.464005,2,20240724,sing
18.761,225.498333,2,20240724,sing
18.766,223.968104,2,20240724,sing
18.771,222.981982,2,20240724,sing
18.776,221.739049,2,20240724,sing
18.781,220.017081,2,20240724,sing
18.786,218.374948,2,20240724,sing
18.791,217.350171,2,20240724,sing
18.796,216.505915,2,20240724,sing
18.801,215.007311,2,20240724,sing
18.806,213.439528,2,20240724,sing
18.811,213.274285,2,20240724,sing
18.816,213.625647,2,20240724,sing
18.821,214.109893,2,20240724,sing
18.826,214.819553,2,20240724,sing
18.831,215.814866,2,20240724,sing
18.836,217.016604,2,20240724,sing
18.841,218.163903,2,20240724,sing
18.846,219.216277,2,20240724,sing
18.851,220.409175,2,20240724,sing
18.856,221.792529,2,20240724,sing
18.861,223.091256,2,20240724,sing
18.866,224.155193,2,20240724,sing
18.871,224.856464,2,20240724,sing
18.876,224.747805,2,20240724,sing
18.881,223.464727,2,20240724,sing
18.886,222.743882,2,20240724,sing
18.891,224.58703,2,20240724,sing
18.896,226.769522,2,20240724,sing
18.901,227.928185,2,20240724,sing
18.906,228.729201,2,20240724,sing
18.911,229.731986,2,20240724,sing
18.916,231.001995,2,20240724,sing
18.921,231.78957,2,20240724,sing
18.926,231.520718,2,20240724,sing
18.931,231.192838,2,20240724,sing
18.936,231.750103,2,20240724,sing
18.941,233.133582,2,20240724,sing
18.946,234.525086,2,20240724,sing
18.951,235.460442,2,20240724,sing
18.956,236.142032,2,20240724,sing
18.961,236.747811,2,20240724,sing
18.966,237.323997,2,20240724,sing
18.971,237.931928,2,20240724,sing
18.976,238.668897,2,20240724,sing
18.981,239.491467,2,20240724,sing
18.986,240.067453,2,20240724,sing
18.991,240.043446,2,20240724,sing
18.996,239.690481,2,20240724,sing
19.001,239.451026,2,20240724,sing
19.006,239.438905,2,20240724,sing
19.011,239.539998,2,20240724,sing
19.016,239.626584,2,20240724,sing
19.021,239.60614,2,20240724,sing
19.026,239.441789,2,20240724,sing
19.031,239.276027,2,20240724,sing
19.036,239.295353,2,20240724,sing
19.041,239.425909,2,20240724,sing
19.046,239.450741,2,20240724,sing
19.051,239.29686,2,20240724,sing
19.056,238.929738,2,20240724,sing
19.061,238.194111,2,20240724,sing
19.066,237.141685,2,20240724,sing
19.071,236.242905,2,20240724,sing
19.076,235.740776,2,20240724,sing
19.081,235.433119,2,20240724,sing
19.086,235.113878,2,20240724,sing
19.091,234.746689,2,20240724,sing
19.096,234.362107,2,20240724,sing
19.101,234.07877,2,20240724,sing
19.106,234.039698,2,20240724,sing
19.111,234.161267,2,20240724,sing
19.116,234.239547,2,20240724,sing
19.121,234.258736,2,20240724,sing
19.126,234.360012,2,20240724,sing
19.131,234.620365,2,20240724,sing
19.136,234.915001,2,20240724,sing
19.141,234.928546,2,20240724,sing
19.146,234.413079,2,20240724,sing
19.151,233.592275,2,20240724,sing
19.156,233.090579,2,20240724,sing
19.161,233.562495,2,20240724,sing
19.166,234.805142,2,20240724,sing
19.171,235.928777,2,20240724,sing
19.176,236.406993,2,20240724,sing
19.181,236.235736,2,20240724,sing
19.186,236.344631,2,20240724,sing
19.191,237.468417,2,20240724,sing
19.196,237.254392,2,20240724,sing
19.201,234.661828,2,20240724,sing
19.206,233.386459,2,20240724,sing
19.211,234.404574,2,20240724,sing
19.216,234.146364,2,20240724,sing
19.221,232.743456,2,20240724,sing
19.226,231.595757,2,20240724,sing
19.231,231.842914,2,20240724,sing
19.236,229.775918,2,20240724,sing
19.241,226.135343,2,20240724,sing
19.246,226.534115,2,20240724,sing
19.251,230.847586,2,20240724,sing
19.256,234.776989,2,20240724,sing
19.261,236.066868,2,20240724,sing
19.266,235.33156,2,20240724,sing
19.271,234.774275,2,20240724,sing
19.276,235.512746,2,20240724,sing
19.281,237.297535,2,20240724,sing
19.286,238.960825,2,20240724,sing
19.291,240.464845,2,20240724,sing
19.296,243.240193,2,20240724,sing
19.301,245.566005,2,20240724,sing
19.306,246.698706,2,20240724,sing
19.311,246.897426,2,20240724,sing
19.316,246.47499,2,20240724,sing
19.321,245.808613,2,20240724,sing
19.326,245.184796,2,20240724,sing
19.331,244.655895,2,20240724,sing
19.336,244.300149,2,20240724,sing
19.341,244.284051,2,20240724,sing
19.346,244.640253,2,20240724,sing
19.351,245.201275,2,20240724,sing
19.356,245.502065,2,20240724,sing
19.361,245.221332,2,20240724,sing
19.366,244.626622,2,20240724,sing
19.371,244.112438,2,20240724,sing
19.376,243.692107,2,20240724,sing
19.381,243.255021,2,20240724,sing
19.386,242.812315,2,20240724,sing
19.391,242.441397,2,20240724,sing
19.396,242.052251,2,20240724,sing
19.401,241.437531,2,20240724,sing
19.406,240.471166,2,20240724,sing
19.411,239.477448,2,20240724,sing
19.416,238.968556,2,20240724,sing
19.421,238.847725,2,20240724,sing
19.426,238.646332,2,20240724,sing
19.431,238.133107,2,20240724,sing
19.436,237.383604,2,20240724,sing
19.441,236.498579,2,20240724,sing
19.446,235.301211,2,20240724,sing
19.451,233.775253,2,20240724,sing
19.456,232.348622,2,20240724,sing
19.461,231.194027,2,20240724,sing
19.466,230.189822,2,20240724,sing
19.471,229.519535,2,20240724,sing
19.476,229.523782,2,20240724,sing
19.481,229.780139,2,20240724,sing
19.486,229.611476,2,20240724,sing
19.491,229.154494,2,20240724,sing
19.496,228.651385,2,20240724,sing
19.501,228.231094,2,20240724,sing
19.506,227.905444,2,20240724,sing
19.511,227.759467,2,20240724,sing
19.516,227.840356,2,20240724,sing
19.521,227.940399,2,20240724,sing
19.526,227.998,2,20240724,sing
19.531,228.061387,2,20240724,sing
19.536,227.850399,2,20240724,sing
19.541,227.155787,2,20240724,sing
19.546,226.104101,2,20240724,sing
19.551,224.95148,2,20240724,sing
19.556,223.97661,2,20240724,sing
19.561,223.449491,2,20240724,sing
19.566,223.329836,2,20240724,sing
19.571,223.44637,2,20240724,sing
19.576,223.75817,2,20240724,sing
19.581,224.192691,2,20240724,sing
19.586,224.552102,2,20240724,sing
19.591,224.653767,2,20240724,sing
19.596,224.549674,2,20240724,sing
19.601,224.382791,2,20240724,sing
19.606,224.213123,2,20240724,sing
19.611,223.988446,2,20240724,sing
19.616,223.624832,2,20240724,sing
19.621,223.178901,2,20240724,sing
19.626,222.746546,2,20240724,sing
19.631,222.366293,2,20240724,sing
19.636,222.049935,2,20240724,sing
19.641,221.805566,2,20240724,sing
19.646,221.548424,2,20240724,sing
19.651,221.242457,2,20240724,sing
19.656,221.028471,2,20240724,sing
19.661,220.937805,2,20240724,sing
19.666,220.660012,2,20240724,sing
19.671,220.07781,2,20240724,sing
19.676,219.607894,2,20240724,sing
19.681,219.359771,2,20240724,sing
19.686,219.278968,2,20240724,sing
19.691,219.375087,2,20240724,sing
19.696,219.543953,2,20240724,sing
19.701,219.613446,2,20240724,sing
19.706,219.568772,2,20240724,sing
19.711,219.552138,2,20240724,sing
19.716,219.785381,2,20240724,sing
19.721,220.460475,2,20240724,sing
19.726,221.518685,2,20240724,sing
19.731,222.569384,2,20240724,sing
19.736,223.404394,2,20240724,sing
19.741,224.067344,2,20240724,sing
19.746,224.603019,2,20240724,sing
19.751,225.06272,2,20240724,sing
19.756,225.524328,2,20240724,sing
19.761,225.863692,2,20240724,sing
19.766,225.712116,2,20240724,sing
19.771,224.98034,2,20240724,sing
19.776,224.085031,2,20240724,sing
19.781,223.416273,2,20240724,sing
19.786,223.015101,2,20240724,sing
19.791,222.674409,2,20240724,sing
19.796,221.973587,2,20240724,sing
19.801,220.555212,2,20240724,sing
19.806,218.737725,2,20240724,sing
19.811,217.394327,2,20240724,sing
19.816,217.270939,2,20240724,sing
19.821,218.425159,2,20240724,sing
19.826,220.112181,2,20240724,sing
19.831,221.477368,2,20240724,sing
19.836,222.045476,2,20240724,sing
19.841,222.060318,2,20240724,sing
19.846,222.295023,2,20240724,sing
19.851,222.660676,2,20240724,sing
19.856,222.058879,2,20240724,sing
19.861,220.710493,2,20240724,sing
19.866,220.718125,2,20240724,sing
19.871,221.525345,2,20240724,sing
19.876,221.532155,2,20240724,sing
19.881,220.413113,2,20240724,sing
19.886,218.925952,2,20240724,sing
19.891,218.008037,2,20240724,sing
19.896,217.910078,2,20240724,sing
19.901,218.811182,2,20240724,sing
19.906,220.012128,2,20240724,sing
19.911,221.052191,2,20240724,sing
19.916,221.304312,2,20240724,sing
19.921,219.931228,2,20240724,sing
19.926,216.773132,2,20240724,sing
19.931,211.434968,2,20240724,sing
19.936,208.700987,2,20240724,sing
19.941,212.723149,2,20240724,sing
19.946,216.312066,2,20240724,sing
19.951,215.93,2,20240724,sing
19.956,213.610719,2,20240724,sing
32.901,139.209367,2,20240724,sing
32.906,276.235539,2,20240724,sing
32.911,274.392502,2,20240724,sing
32.916,273.11524,2,20240724,sing
32.921,272.045477,2,20240724,sing
32.926,270.895025,2,20240724,sing
32.931,269.479478,2,20240724,sing
32.936,268.059824,2,20240724,sing
32.941,266.881629,2,20240724,sing
32.946,265.813697,2,20240724,sing
32.951,264.603732,2,20240724,sing
32.956,263.279826,2,20240724,sing
32.961,262.528265,2,20240724,sing
32.966,262.861491,2,20240724,sing
32.971,264.153192,2,20240724,sing
32.976,266.312218,2,20240724,sing
32.981,268.219066,2,20240724,sing
32.986,266.294422,2,20240724,sing
32.991,261.263314,2,20240724,sing
32.996,258.356478,2,20240724,sing
33.001,258.191421,2,20240724,sing
33.006,259.290377,2,20240724,sing
33.011,261.124295,2,20240724,sing
33.016,263.052136,2,20240724,sing
33.021,264.326934,2,20240724,sing
33.026,264.635328,2,20240724,sing
33.031,263.960915,2,20240724,sing
33.036,262.421663,2,20240724,sing
33.041,260.297927,2,20240724,sing
33.046,257.97218,2,20240724,sing
33.051,255.375502,2,20240724,sing
33.056,251.622702,2,20240724,sing
33.061,247.15387,2,20240724,sing
33.066,247.655978,2,20240724,sing
33.071,250.778761,2,20240724,sing
33.076,252.135205,2,20240724,sing
33.081,258.504977,2,20240724,sing
33.086,255.695713,2,20240724,sing
33.091,249.606997,2,20240724,sing
33.096,249.709323,2,20240724,sing
33.101,250.811737,2,20240724,sing
33.106,251.88569,2,20240724,sing
33.111,259.836711,2,20240724,sing
33.116,260.225874,2,20240724,sing
33.121,260.632041,2,20240724,sing
33.126,261.155596,2,20240724,sing
33.131,261.405157,2,20240724,sing
33.136,260.136442,2,20240724,sing
33.141,256.704946,2,20240724,sing
33.146,252.631859,2,20240724,sing
33.151,248.285317,2,20240724,sing
33.156,247.426111,2,20240724,sing
33.161,237.441868,2,20240724,sing
33.166,228.033909,2,20240724,sing
33.171,227.25701,2,20240724,sing
33.176,228.83733,2,20240724,sing
33.181,230.394055,2,20240724,sing
33.186,230.700809,2,20240724,sing
33.191,229.359895,2,20240724,sing
33.196,226.774104,2,20240724,sing
33.201,224.468317,2,20240724,sing
33.206,224.447932,2,20240724,sing
33.211,226.259437,2,20240724,sing
33.216,227.850144,2,20240724,sing
33.221,228.47298,2,20240724,sing
33.226,228.277791,2,20240724,sing
33.231,227.678457,2,20240724,sing
33.236,227.300022,2,20240724,sing
33.241,227.504898,2,20240724,sing
33.246,227.834737,2,20240724,sing
33.251,227.774954,2,20240724,sing
33.256,227.443559,2,20240724,sing
33.261,227.217057,2,20240724,sing
33.266,227.362242,2,20240724,sing
33.271,227.614995,2,20240724,sing
33.276,227.710962,2,20240724,sing
33.281,228.266772,2,20240724,sing
33.286,229.835914,2,20240724,sing
33.291,231.74004,2,20240724,sing
33.296,232.025745,2,20240724,sing
33.301,229.817069,2,20240724,sing
33.306,227.413818,2,20240724,sing
33.311,226.148777,2,20240724,sing
33.316,225.152895,2,20240724,sing
33.321,224.466815,2,20240724,sing
33.326,225.209523,2,20240724,sing
33.331,227.619569,2,20240724,sing
33.336,230.218793,2,20240724,sing
33.341,231.327614,2,20240724,sing
33.346,230.594866,2,20240724,sing
33.351,229.361786,2,20240724,sing
33.356,228.78423,2,20240724,sing
33.361,228.601611,2,20240724,sing
33.366,231.053553,2,20240724,sing
33.371,247.818202,2,20240724,sing
33.376,261.475414,2,20240724,sing
33.381,262.238686,2,20240724,sing
33.386,261.994112,2,20240724,sing
33.391,261.561415,2,20240724,sing
33.396,260.923632,2,20240724,sing
33.401,260.115972,2,20240724,sing
33.406,259.165585,2,20240724,sing
33.411,258.233063,2,20240724,sing
33.416,257.44351,2,20240724,sing
33.421,256.759171,2,20240724,sing
33.426,256.023876,2,20240724,sing
33.431,255.361324,2,20240724,sing
33.436,255.236643,2,20240724,sing
33.441,255.677505,2,20240724,sing
33.446,256.168142,2,20240724,sing
33.451,256.328438,2,20240724,sing
33.456,256.064481,2,20240724,sing
33.461,255.384338,2,20240724,sing
33.466,254.56818,2,20240724,sing
33.471,253.99883,2,20240724,sing
33.476,253.821465,2,20240724,sing
33.481,253.661206,2,20240724,sing
33.486,252.171589,2,20240724,sing
33.491,249.561884,2,20240724,sing
33.496,247.769342,2,20240724,sing
33.501,246.97275,2,20240724,sing
33.506,246.413,2,20240724,sing
33.511,245.35841,2,20240724,sing
33.516,244.076635,2,20240724,sing
33.521,243.497942,2,20240724,sing
33.526,243.912919,2,20240724,sing
33.531,245.195468,2,20240724,sing
33.536,247.072113,2,20240724,sing
33.541,248.844643,2,20240724,sing
33.546,249.585297,2,20240724,sing
33.551,248.496151,2,20240724,sing
33.556,245.493264,2,20240724,sing
33.561,243.384864,2,20240724,sing
33.566,243.834073,2,20240724,sing
33.571,240.706688,2,20240724,sing
33.576,238.002464,2,20240724,sing
33.581,238.264158,2,20240724,sing
33.586,240.427531,2,20240724,sing
33.591,244.910132,2,20240724,sing
33.596,250.290938,2,20240724,sing
33.601,249.866371,2,20240724,sing
33.606,249.058638,2,20240724,sing
33.611,248.2982,2,20240724,sing
33.616,247.198657,2,20240724,sing
33.621,245.629606,2,20240724,sing
33.626,246.060689,2,20240724,sing
33.631,249.372421,2,20240724,sing
33.636,250.572002,2,20240724,sing
33.641,243.748911,2,20240724,sing
33.646,234.093131,2,20240724,sing
33.651,228.291011,2,20240724,sing
33.656,225.919639,2,20240724,sing
33.661,225.103262,2,20240724,sing
33.666,223.979201,2,20240724,sing
33.671,222.715808,2,20240724,sing
33.676,222.030752,2,20240724,sing
33.681,221.678282,2,20240724,sing
33.686,221.294878,2,20240724,sing
33.691,220.823842,2,20240724,sing
33.696,220.293604,2,20240724,sing
33.701,219.780222,2,20240724,sing
33.706,219.516813,2,20240724,sing
33.711,219.523713,2,20240724,sing
33.716,219.310469,2,20240724,sing
33.721,218.655974,2,20240724,sing
33.726,217.883021,2,20240724,sing
33.731,217.379244,2,20240724,sing
33.736,217.125983,2,20240724,sing
33.741,216.748512,2,20240724,sing
33.746,215.73497,2,20240724,sing
33.751,214.724179,2,20240724,sing
33.756,214.321444,2,20240724,sing
33.761,214.396329,2,20240724,sing
33.766,214.718041,2,20240724,sing
33.771,214.880606,2,20240724,sing
33.776,214.648222,2,20240724,sing
33.781,214.197974,2,20240724,sing
33.786,214.006421,2,20240724,sing
33.791,214.171061,2,20240724,sing
33.796,214.138206,2,20240724,sing
33.801,213.385498,2,20240724,sing
33.806,212.08188,2,20240724,sing
33.811,210.989988,2,20240724,sing
33.816,210.406744,2,20240724,sing
33.821,209.962054,2,20240724,sing
33.826,209.594884,2,20240724,sing
33.831,209.473177,2,20240724,sing
33.836,209.719252,2,20240724,sing
33.841,210.328413,2,20240724,sing
33.846,210.849571,2,20240724,sing
33.851,210.769626,2,20240724,sing
33.856,210.428825,2,20240724,sing
33.861,210.463013,2,20240724,sing
33.866,210.488085,2,20240724,sing
33.871,210.877423,2,20240724,sing
33.876,211.496031,2,20240724,sing
33.881,210.876071,2,20240724,sing
33.886,208.204493,2,20240724,sing
33.891,205.430539,2,20240724,sing
33.896,206.763601,2,20240724,sing
33.901,210.206835,2,20240724,sing
33.906,211.9086,2,20240724,sing
33.911,213.468017,2,20240724,sing
33.916,216.089534,2,20240724,sing
33.921,218.049117,2,20240724,sing
33.926,218.614401,2,20240724,sing
33.931,218.822855,2,20240724,sing
33.936,219.316381,2,20240724,sing
33.941,220.149727,2,20240724,sing
33.946,221.098656,2,20240724,sing
33.951,221.826529,2,20240724,sing
33.956,222.374898,2,20240724,sing
33.961,223.057738,2,20240724,sing
33.966,224.016508,2,20240724,sing
33.971,224.971012,2,20240724,sing
33.976,225.637746,2,20240724,sing
33.981,225.966219,2,20240724,sing
33.986,225.878594,2,20240724,sing
33.991,225.440422,2,20240724,sing
33.996,224.941989,2,20240724,sing
34.001,224.634259,2,20240724,sing
34.006,224.542374,2,20240724,sing
34.011,224.470553,2,20240724,sing
34.016,224.288257,2,20240724,sing
34.021,224.252724,2,20240724,sing
34.026,224.672573,2,20240724,sing
34.031,224.774639,2,20240724,sing
34.036,223.649225,2,20240724,sing
34.041,221.997068,2,20240724,sing
34.046,220.809312,2,20240724,sing
34.051,220.379583,2,20240724,sing
34.056,221.290237,2,20240724,sing
34.061,222.954368,2,20240724,sing
34.066,224.03601,2,20240724,sing
34.071,224.648321,2,20240724,sing
34.076,225.031983,2,20240724,sing
34.081,225.254962,2,20240724,sing
34.086,225.348476,2,20240724,sing
34.091,225.2998,2,20240724,sing
34.096,224.351243,2,20240724,sing
34.101,221.633972,2,20240724,sing
34.106,218.396299,2,20240724,sing
34.111,215.753292,2,20240724,sing
34.116,215.737018,2,20240724,sing
34.121,225.369162,2,20240724,sing
34.126,229.222876,2,20240724,sing
34.131,228.246574,2,20240724,sing
34.136,226.000376,2,20240724,sing
34.141,223.783668,2,20240724,sing
34.146,222.098488,2,20240724,sing
34.151,220.938547,2,20240724,sing
34.156,220.057548,2,20240724,sing
34.161,219.08599,2,20240724,sing
34.166,217.440181,2,20240724,sing
34.171,215.446522,2,20240724,sing
34.176,214.849195,2,20240724,sing
34.181,215.423741,2,20240724,sing
34.186,215.887657,2,20240724,sing
34.191,216.044431,2,20240724,sing
34.196,216.105647,2,20240724,sing
34.201,216.253857,2,20240724,sing
34.206,216.518581,2,20240724,sing
34.211,216.753687,2,20240724,sing
34.216,216.826144,2,20240724,sing
34.221,216.710558,2,20240724,sing
34.226,216.394601,2,20240724,sing
34.231,215.884625,2,20240724,sing
34.236,215.296508,2,20240724,sing
34.241,214.787974,2,20240724,sing
34.246,214.366953,2,20240724,sing
34.251,214.045918,2,20240724,sing
34.256,213.887981,2,20240724,sing
34.261,213.860167,2,20240724,sing
34.266,213.902744,2,20240724,sing
34.271,214.025202,2,20240724,sing
34.276,214.269714,2,20240724,sing
34.281,214.574276,2,20240724,sing
34.286,214.808594,2,20240724,sing
34.291,214.912367,2,20240724,sing
34.296,214.900355,2,20240724,sing
34.301,214.936898,2,20240724,sing
34.306,215.156108,2,20240724,sing
34.311,214.801068,2,20240724,sing
34.316,212.895841,2,20240724,sing
34.321,211.472639,2,20240724,sing
34.326,211.793425,2,20240724,sing
34.331,212.745057,2,20240724,sing
34.336,212.989744,2,20240724,sing
34.341,212.820131,2,20240724,sing
34.346,214.163323,2,20240724,sing
34.351,215.850915,2,20240724,sing
34.356,216.78567,2,20240724,sing
34.361,217.286352,2,20240724,sing
34.366,217.131349,2,20240724,sing
34.371,216.729548,2,20240724,sing
34.376,216.264534,2,20240724,sing
34.381,215.506513,2,20240724,sing
34.386,214.168302,2,20240724,sing
34.391,212.226323,2,20240724,sing
34.396,210.236822,2,20240724,sing
34.401,207.824968,2,20240724,sing
34.406,204.308775,2,20240724,sing
34.411,201.703735,2,20240724,sing
34.416,201.712719,2,20240724,sing
34.421,203.451527,2,20240724,sing
34.426,206.113701,2,20240724,sing
34.431,209.162978,2,20240724,sing
34.436,209.616788,2,20240724,sing
34.441,206.889122,2,20240724,sing
34.446,204.875776,2,20240724,sing
34.451,203.877165,2,20240724,sing
34.456,203.172868,2,20240724,sing
34.461,202.86573,2,20240724,sing
34.466,203.005618,2,20240724,sing
34.471,203.08948,2,20240724,sing
34.476,202.707175,2,20240724,sing
34.481,202.08601,2,20240724,sing
34.486,201.617655,2,20240724,sing
34.491,201.318067,2,20240724,sing
34.496,200.985982,2,20240724,sing
34.501,200.476649,2,20240724,sing
34.506,199.874661,2,20240724,sing
34.511,199.255162,2,20240724,sing
34.516,198.436375,2,20240724,sing
34.521,197.470267,2,20240724,sing
34.526,196.979374,2,20240724,sing
34.531,197.277059,2,20240724,sing
34.536,197.893689,2,20240724,sing
34.541,198.79371,2,20240724,sing
34.546,199.860199,2,20240724,sing
34.551,200.679789,2,20240724,sing
34.556,201.112076,2,20240724,sing
34.561,201.12962,2,20240724,sing
34.566,201.06169,2,20240724,sing
34.571,201.403009,2,20240724,sing
34.576,202.079847,2,20240724,sing
34.581,202.791198,2,20240724,sing
34.586,203.262413,2,20240724,sing
34.591,202.934482,2,20240724,sing
34.596,201.970404,2,20240724,sing
34.601,200.961709,2,20240724,sing
34.606,200.085639,2,20240724,sing
34.611,200.10076,2,20240724,sing
34.616,200.767901,2,20240724,sing
34.621,200.862047,2,20240724,sing
34.626,201.020338,2,20240724,sing
34.631,201.492182,2,20240724,sing
34.636,201.94504,2,20240724,sing
34.641,202.076543,2,20240724,sing
34.646,206.047904,2,20240724,sing
34.651,206.105209,2,20240724,sing
34.656,206.356795,2,20240724,sing
34.661,206.430237,2,20240724,sing
34.666,210.319165,2,20240724,sing
34.671,209.999458,2,20240724,sing
34.676,210.101372,2,20240724,sing
34.681,210.335924,2,20240724,sing
34.686,210.510108,2,20240724,sing
34.691,210.262415,2,20240724,sing
34.696,209.74334,2,20240724,sing
34.701,209.513065,2,20240724,sing
34.706,209.406095,2,20240724,sing
34.731,213.66655,2,20240724,sing
34.736,208.779638,2,20240724,sing
34.741,205.928322,2,20240724,sing
34.746,203.029532,2,20240724,sing
34.751,200.65401,2,20240724,sing
34.756,200.037498,2,20240724,sing
34.761,200.808535,2,20240724,sing
34.766,200.993136,2,20240724,sing
34.771,199.771752,2,20240724,sing
34.776,198.544922,2,20240724,sing
34.781,198.098396,2,20240724,sing
34.786,197.703705,2,20240724,sing
34.791,197.040258,2,20240724,sing
34.796,196.251401,2,20240724,sing
34.801,195.493488,2,20240724,sing
34.806,194.818285,2,20240724,sing
34.811,194.245235,2,20240724,sing
34.816,193.75986,2,20240724,sing
34.821,193.408693,2,20240724,sing
34.826,193.308477,2,20240724,sing
34.831,193.62994,2,20240724,sing
34.836,194.329553,2,20240724,sing
34.841,194.9752,2,20240724,sing
34.846,195.101975,2,20240724,sing
34.851,194.690023,2,20240724,sing
34.856,194.16403,2,20240724,sing
34.861,193.943012,2,20240724,sing
34.866,194.216401,2,20240724,sing
34.871,194.856791,2,20240724,sing
34.876,195.398059,2,20240724,sing
34.881,195.480462,2,20240724,sing
34.886,195.230428,2,20240724,sing
34.891,194.774367,2,20240724,sing
34.896,194.162265,2,20240724,sing
34.901,193.769322,2,20240724,sing
34.906,194.049313,2,20240724,sing
34.911,194.680315,2,20240724,sing
34.916,195.0946,2,20240724,sing
34.921,195.25177,2,20240724,sing
34.926,195.191434,2,20240724,sing
34.931,194.702857,2,20240724,sing
34.936,193.646571,2,20240724,sing
34.941,192.365717,2,20240724,sing
34.946,191.666953,2,20240724,sing
34.951,191.943306,2,20240724,sing
34.956,192.676158,2,20240724,sing
35.031,230.398042,2,20240724,sing
35.036,221.703877,2,20240724,sing
35.041,216.450927,2,20240724,sing
35.046,213.617947,2,20240724,sing
35.051,212.155944,2,20240724,sing
35.056,211.17568,2,20240724,sing
35.061,210.222517,2,20240724,sing
35.066,209.419566,2,20240724,sing
35.071,209.013551,2,20240724,sing
35.076,208.450946,2,20240724,sing
35.081,207.311244,2,20240724,sing
35.086,206.032404,2,20240724,sing
35.091,204.964528,2,20240724,sing
35.096,203.936597,2,20240724,sing
35.101,202.932249,2,20240724,sing
35.106,202.297772,2,20240724,sing
35.111,202.444255,2,20240724,sing
35.116,203.119672,2,20240724,sing
35.121,203.653963,2,20240724,sing
35.126,203.630677,2,20240724,sing
35.131,203.077998,2,20240724,sing
35.136,202.352566,2,20240724,sing
35.141,201.828204,2,20240724,sing
35.146,201.851256,2,20240724,sing
35.151,202.569625,2,20240724,sing
35.156,203.86115,2,20240724,sing
35.161,205.231419,2,20240724,sing
35.166,204.933914,2,20240724,sing
35.171,202.399176,2,20240724,sing
35.176,200.582513,2,20240724,sing
35.181,199.664412,2,20240724,sing
35.186,199.290161,2,20240724,sing
35.191,199.435075,2,20240724,sing
35.196,200.273882,2,20240724,sing
35.201,201.945469,2,20240724,sing
35.206,203.592391,2,20240724,sing
35.211,203.051962,2,20240724,sing
35.216,201.203072,2,20240724,sing
35.221,199.984543,2,20240724,sing
35.226,199.534986,2,20240724,sing
35.231,198.834239,2,20240724,sing
35.236,196.99943,2,20240724,sing
35.241,194.607733,2,20240724,sing
35.246,193.191077,2,20240724,sing
35.251,193.192776,2,20240724,sing
35.256,193.129096,2,20240724,sing
35.261,192.297655,2,20240724,sing
35.266,191.756511,2,20240724,sing
35.271,192.316861,2,20240724,sing
35.276,192.970749,2,20240724,sing
35.281,192.013808,2,20240724,sing
35.286,189.990038,2,20240724,sing
35.291,188.474695,2,20240724,sing
35.296,189.054893,2,20240724,sing
49.199,206.429125,2,20240724,sing
49.204,207.141337,2,20240724,sing
49.209,207.304023,2,20240724,sing
49.214,207.464444,2,20240724,sing
49.219,207.368717,2,20240724,sing
49.224,206.722835,2,20240724,sing
49.229,206.183917,2,20240724,sing
49.234,206.191658,2,20240724,sing
49.239,206.256764,2,20240724,sing
49.244,205.785619,2,20240724,sing
49.249,205.287185,2,20240724,sing
49.254,205.371445,2,20240724,sing
49.259,205.891523,2,20240724,sing
49.264,206.546136,2,20240724,sing
49.269,207.10965,2,20240724,sing
49.274,207.443946,2,20240724,sing
49.279,207.60944,2,20240724,sing
49.284,207.942633,2,20240724,sing
49.289,208.59856,2,20240724,sing
49.294,209.16484,2,20240724,sing
49.299,209.423943,2,20240724,sing
49.304,209.869317,2,20240724,sing
49.309,210.765568,2,20240724,sing
49.314,212.056619,2,20240724,sing
49.319,214.18482,2,20240724,sing
49.324,217.324466,2,20240724,sing
49.329,219.678858,2,20240724,sing
49.334,221.44378,2,20240724,sing
49.339,223.37073,2,20240724,sing
49.344,225.697914,2,20240724,sing
49.349,227.966792,2,20240724,sing
49.354,229.475064,2,20240724,sing
49.359,230.176269,2,20240724,sing
49.364,230.523548,2,20240724,sing
49.369,230.905248,2,20240724,sing
49.374,231.347363,2,20240724,sing
49.379,231.510684,2,20240724,sing
49.384,231.412552,2,20240724,sing
49.389,231.408645,2,20240724,sing
49.394,231.925068,2,20240724,sing
49.399,233.120616,2,20240724,sing
49.404,233.829032,2,20240724,sing
49.409,233.431398,2,20240724,sing
49.414,233.03814,2,20240724,sing
49.419,233.071851,2,20240724,sing
49.424,234.047565,2,20240724,sing
49.429,235.805697,2,20240724,sing
49.434,237.348363,2,20240724,sing
49.439,238.110486,2,20240724,sing
49.444,238.331838,2,20240724,sing
49.449,239.008828,2,20240724,sing
49.454,240.41395,2,20240724,sing
49.459,242.337533,2,20240724,sing
49.464,244.369851,2,20240724,sing
49.469,245.446686,2,20240724,sing
49.474,245.645408,2,20240724,sing
49.479,245.821346,2,20240724,sing
49.484,246.2035,2,20240724,sing
49.489,246.594784,2,20240724,sing
49.494,246.964837,2,20240724,sing
49.499,247.370265,2,20240724,sing
49.504,247.723188,2,20240724,sing
49.509,247.960692,2,20240724,sing
49.514,248.087529,2,20240724,sing
49.519,248.025421,2,20240724,sing
49.524,247.693405,2,20240724,sing
49.529,247.112424,2,20240724,sing
49.534,246.385022,2,20240724,sing
49.539,245.667078,2,20240724,sing
49.544,245.091253,2,20240724,sing
49.549,244.87725,2,20240724,sing
49.554,245.257389,2,20240724,sing
49.559,246.044375,2,20240724,sing
49.564,246.660704,2,20240724,sing
49.569,246.756857,2,20240724,sing
49.574,246.519418,2,20240724,sing
49.579,246.262483,2,20240724,sing
49.584,246.040507,2,20240724,sing
49.589,245.768276,2,20240724,sing
49.594,245.49373,2,20240724,sing
49.599,245.339652,2,20240724,sing
49.604,245.306254,2,20240724,sing
49.609,245.283236,2,20240724,sing
49.614,245.12706,2,20240724,sing
49.619,244.689362,2,20240724,sing
49.624,244.017598,2,20240724,sing
49.629,243.521567,2,20240724,sing
49.634,243.448924,2,20240724,sing
49.639,243.401949,2,20240724,sing
49.644,242.7688,2,20240724,sing
49.649,241.549223,2,20240724,sing
49.654,240.390336,2,20240724,sing
49.659,240.127537,2,20240724,sing
49.664,241.060187,2,20240724,sing
49.669,241.860758,2,20240724,sing
49.674,241.53931,2,20240724,sing
49.679,240.872765,2,20240724,sing
49.684,240.076691,2,20240724,sing
49.689,239.015343,2,20240724,sing
49.694,239.807347,2,20240724,sing
49.699,243.493719,2,20240724,sing
49.704,244.132703,2,20240724,sing
49.709,243.861297,2,20240724,sing
49.714,242.405073,2,20240724,sing
49.719,239.525448,2,20240724,sing
49.724,241.166807,2,20240724,sing
49.729,244.059005,2,20240724,sing
49.734,245.033737,2,20240724,sing
49.739,244.615634,2,20240724,sing
49.744,243.860973,2,20240724,sing
49.749,243.088976,2,20240724,sing
49.754,242.597212,2,20240724,sing
49.759,243.05003,2,20240724,sing
49.764,244.007535,2,20240724,sing
49.769,244.803827,2,20240724,sing
49.774,245.179763,2,20240724,sing
49.779,245.156544,2,20240724,sing
49.784,245.070564,2,20240724,sing
49.789,245.406314,2,20240724,sing
49.794,246.056381,2,20240724,sing
49.799,246.518326,2,20240724,sing
49.804,246.800502,2,20240724,sing
49.809,247.036014,2,20240724,sing
49.814,247.290095,2,20240724,sing
49.819,247.505065,2,20240724,sing
49.824,247.420029,2,20240724,sing
49.829,247.472515,2,20240724,sing
49.834,248.124781,2,20240724,sing
49.839,248.766297,2,20240724,sing
49.844,248.736756,2,20240724,sing
49.849,248.155106,2,20240724,sing
49.854,247.609401,2,20240724,sing
49.859,247.498109,2,20240724,sing
49.864,247.771435,2,20240724,sing
49.869,248.097159,2,20240724,sing
49.874,248.220266,2,20240724,sing
49.879,248.224673,2,20240724,sing
49.884,248.364911,2,20240724,sing
49.889,248.665242,2,20240724,sing
49.894,248.670649,2,20240724,sing
49.899,247.940304,2,20240724,sing
49.904,246.652207,2,20240724,sing
49.909,245.269851,2,20240724,sing
49.914,244.09505,2,20240724,sing
49.919,243.12827,2,20240724,sing
49.924,241.965589,2,20240724,sing
49.929,240.140313,2,20240724,sing
49.934,237.50586,2,20240724,sing
49.939,234.33448,2,20240724,sing
49.944,230.901183,2,20240724,sing
49.949,227.594335,2,20240724,sing
49.954,224.643415,2,20240724,sing
49.959,221.987998,2,20240724,sing
49.964,219.551986,2,20240724,sing
49.969,217.697671,2,20240724,sing
49.974,216.755822,2,20240724,sing
49.979,216.927551,2,20240724,sing
49.984,217.728303,2,20240724,sing
49.989,217.934949,2,20240724,sing
49.994,217.376731,2,20240724,sing
49.999,216.59518,2,20240724,sing
50.004,216.051655,2,20240724,sing
50.009,215.987055,2,20240724,sing
50.014,216.652599,2,20240724,sing
50.019,217.184839,2,20240724,sing
50.024,216.589146,2,20240724,sing
50.029,215.617367,2,20240724,sing
50.034,215.199538,2,20240724,sing
50.039,215.100498,2,20240724,sing
50.044,214.797856,2,20240724,sing
50.049,214.200917,2,20240724,sing
50.054,213.674347,2,20240724,sing
50.059,213.681668,2,20240724,sing
50.064,214.331689,2,20240724,sing
50.069,215.216124,2,20240724,sing
50.074,215.745449,2,20240724,sing
50.079,215.59748,2,20240724,sing
50.084,214.79705,2,20240724,sing
50.089,214.018828,2,20240724,sing
50.094,213.87689,2,20240724,sing
50.099,214.123614,2,20240724,sing
50.104,214.250022,2,20240724,sing
50.109,214.152215,2,20240724,sing
50.114,214.124833,2,20240724,sing
50.119,214.301015,2,20240724,sing
50.124,214.52845,2,20240724,sing
50.129,214.756867,2,20240724,sing
50.134,215.126627,2,20240724,sing
50.139,215.545561,2,20240724,sing
50.144,215.723096,2,20240724,sing
50.149,215.61303,2,20240724,sing
50.154,215.470642,2,20240724,sing
50.159,215.411281,2,20240724,sing
50.164,215.34432,2,20240724,sing
50.169,215.318983,2,20240724,sing
50.174,215.370749,2,20240724,sing
50.179,215.166659,2,20240724,sing
50.184,214.528434,2,20240724,sing
50.189,213.900254,2,20240724,sing
50.194,213.594243,2,20240724,sing
50.199,213.499528,2,20240724,sing
50.204,213.564779,2,20240724,sing
50.209,213.864225,2,20240724,sing
50.214,214.308668,2,20240724,sing
50.219,214.758478,2,20240724,sing
50.224,215.160528,2,20240724,sing
50.229,215.458013,2,20240724,sing
50.234,215.734679,2,20240724,sing
50.239,216.07989,2,20240724,sing
50.244,216.301593,2,20240724,sing
50.249,216.214243,2,20240724,sing
50.254,215.895148,2,20240724,sing
50.259,215.492389,2,20240724,sing
50.264,215.111946,2,20240724,sing
50.269,214.88572,2,20240724,sing
50.274,214.778477,2,20240724,sing
50.279,214.657392,2,20240724,sing
50.284,214.638813,2,20240724,sing
50.289,214.948492,2,20240724,sing
50.294,215.671184,2,20240724,sing
50.299,216.558634,2,20240724,sing
50.304,217.190535,2,20240724,sing
50.309,217.397768,2,20240724,sing
50.314,217.218027,2,20240724,sing
50.319,216.613798,2,20240724,sing
50.324,215.846291,2,20240724,sing
50.329,215.787822,2,20240724,sing
50.334,216.409769,2,20240724,sing
50.339,216.465446,2,20240724,sing
50.344,214.858467,2,20240724,sing
50.349,212.997842,2,20240724,sing
50.354,211.29005,2,20240724,sing
50.374,133.53186,2,20240724,sing
50.379,132.406618,2,20240724,sing
50.384,131.230822,2,20240724,sing
50.389,130.559706,2,20240724,sing
50.394,130.480673,2,20240724,sing
50.399,130.812518,2,20240724,sing
50.404,131.108137,2,20240724,sing
50.409,130.934957,2,20240724,sing
50.414,130.349871,2,20240724,sing
50.419,129.938028,2,20240724,sing
50.424,129.631974,2,20240724,sing
50.429,129.296088,2,20240724,sing
50.434,129.094691,2,20240724,sing
50.439,129.076684,2,20240724,sing
50.444,129.214219,2,20240724,sing
50.449,129.504118,2,20240724,sing
50.454,129.819406,2,20240724,sing
50.459,130.042469,2,20240724,sing
50.464,130.194873,2,20240724,sing
50.469,130.232933,2,20240724,sing
50.474,130.072215,2,20240724,sing
50.479,129.615948,2,20240724,sing
50.484,128.476592,2,20240724,sing
50.489,127.409532,2,20240724,sing
50.494,126.663427,2,20240724,sing
50.499,125.606567,2,20240724,sing
50.504,124.257183,2,20240724,sing
50.509,122.126632,2,20240724,sing
50.514,121.2639,2,20240724,sing
50.519,119.421829,2,20240724,sing
50.524,117.598805,2,20240724,sing
50.529,116.204361,2,20240724,sing
50.534,115.381457,2,20240724,sing
50.539,114.404544,2,20240724,sing
50.544,113.770673,2,20240724,sing
50.549,113.129032,2,20240724,sing
50.554,112.567467,2,20240724,sing
50.559,112.415453,2,20240724,sing
50.564,112.69343,2,20240724,sing
50.569,113.248855,2,20240724,sing
50.574,113.658373,2,20240724,sing
50.579,113.871328,2,20240724,sing
50.584,113.857196,2,20240724,sing
