1.157333333,New Point
1.624000000,New Point
2.044000000,New Point
3.826666667,New Point
4.237333333,New Point
4.648000000,New Point
6.393333333,New Point
6.944000000,New Point
7.298666667,New Point
8.810666667,New Point
9.436000000,New Point
9.781333333,New Point
11.573333333,New Point
12.002666667,New Point
12.404000000,New Point
14.056000000,New Point
14.522666667,New Point
14.970666667,New Point
16.641333333,New Point
17.285333333,New Point
17.752000000,New Point
21.248000000,New Point