language,date,condition,speaker,duration,start,end,IOI
Japanese,20250515,conv,1,0.311767625,0.704995924,1.016763549,3.207517137
Japanese,20250515,conv,1,0.078122563,1.016763549,1.094886112,12.80039925
Japanese,20250515,conv,1,0.093577097,1.094886112,1.188463208,10.68637559
Japanese,20250515,conv,1,0.064581376,1.188463208,1.253044585,15.48434013
Japanese,20250515,conv,1,0.077761249,1.253044585,1.330805834,12.8598757
Japanese,20250515,conv,1,0.146296588,1.330805834,1.477102422,6.835429428
Japanese,20250515,conv,1,0.075125275,1.477102422,1.552227696,13.31109941
Japanese,20250515,conv,1,0.133116715,1.552227696,1.685344411,7.512204619
Japanese,20250515,conv,1,0.341258737,1.685344411,2.026603148,2.930327906
Japanese,20250515,conv,1,0.052389994,2.714976589,2.767366583,19.08761425
Japanese,20250515,conv,1,0.054366975,2.767366583,2.821733559,18.39351919
Japanese,20250515,conv,1,0.113346906,2.821733559,2.935080464,8.822472867
Japanese,20250515,conv,1,0.161728145,2.935080464,3.096808609,6.183215668
Japanese,20250515,conv,1,0.096213071,3.096808609,3.19302168,10.39359817
Japanese,20250515,conv,1,0.09423609,3.19302168,3.287257771,10.61164569
Japanese,20250515,conv,1,0.145637594,3.287257771,3.432895365,6.866358973
Japanese,20250515,conv,1,0.459518019,3.432895365,3.892413383,2.176193227
Japanese,20250515,conv,1,0.857206211,4.683564764,4.683564764,1.166580441
Japanese,20250515,conv,1,0.124274887,6.025060853,6.14933574,8.046677999
Japanese,20250515,conv,1,0.096213071,6.14933574,6.245548812,10.39359817
Japanese,20250515,conv,1,0.076443262,6.245548812,6.321992074,13.0815977
Japanese,20250515,conv,1,0.117300868,6.321992074,6.439292941,8.525086141
Japanese,20250515,conv,1,0.29522915,6.439292941,6.734522091,3.387199404
Japanese,20250515,conv,1,0.075125275,6.755609887,6.830735162,13.31109941
Japanese,20250515,conv,1,0.084351186,6.830735162,6.915086347,11.85519791
Japanese,20250515,conv,1,0.133116715,6.915086347,7.048203062,7.512204619
Japanese,20250515,conv,1,0.062429453,7.048203062,7.110632515,16.01808054
Japanese,20250515,conv,1,0.142342626,7.110632515,7.252975141,7.025302468
Japanese,20250515,conv,1,0.085669173,7.252975141,7.338644314,11.67281025
Japanese,20250515,conv,1,0.146296588,7.338644314,7.484940901,6.835429428
Japanese,20250515,sing,1,2.027784999,0.998798034,3.026583032,0.493148929
Japanese,20250515,sing,1,0.176497946,3.026583032,3.203080979,5.665788305
Japanese,20250515,sing,1,0.248926854,3.203080979,3.452007833,4.017244357
Japanese,20250515,sing,1,0.289865711,3.452007833,3.741873544,3.449873377
Japanese,20250515,sing,1,0.490825474,3.741873544,4.232699018,2.037384067
Japanese,20250515,sing,1,0.442511758,4.232699018,4.675210776,2.259826957
Japanese,20250515,sing,1,0.507861596,4.675210776,5.183072372,1.9690404
Japanese,20250515,sing,1,0.469570682,5.183072372,5.652643054,2.129604847
Japanese,20250515,sing,1,0.43881044,5.652643054,6.091453494,2.278888352
Japanese,20250515,sing,1,0.194409689,6.091453494,6.285863182,5.143776566
Japanese,20250515,sing,1,0.172191438,6.285863182,6.458054621,5.807489671
Japanese,20250515,sing,1,0.188855126,6.458054621,6.646909747,5.295064112
Japanese,20250515,sing,1,0.288837252,6.646909747,6.935746998,3.462157304
Japanese,20250515,sing,1,0.155527751,6.935746998,7.091274749,6.429720707
Japanese,20250515,sing,1,0.188855126,7.091274749,7.280129875,5.295064112
Japanese,20250515,sing,1,0.336423387,7.280129875,7.616553262,2.972444954
Japanese,20250515,sing,1,0.508717554,7.616553262,8.125270816,1.965727332
Japanese,20250515,sing,1,0.397700441,8.125270816,8.522971257,2.514455346
Japanese,20250515,sing,1,1.023209471,8.522971257,9.546180728,0.97731699
Japanese,20250515,sing,1,0.14844192,9.546180728,9.694622648,6.73664151
Japanese,20250515,sing,1,0.290817857,9.694622648,9.985440504,3.438578401
Japanese,20250515,sing,1,0.128832537,9.985440504,10.11427304,7.76201433
Japanese,20250515,sing,1,0.312750083,10.11427304,10.42702313,3.197441194
Japanese,20250515,sing,1,0.1868436,38.42071943,38.60756303,5.352069853
Japanese,20250515,sing,1,0.177746001,38.60756303,38.78530903,5.626005619
Japanese,20250515,sing,1,0.344382877,38.78530903,39.12969191,2.903744836
Japanese,20250515,sing,1,0.449919565,39.12969191,39.57961147,2.222619504
Japanese,20250515,sing,1,0.494356065,39.57961147,40.07396754,2.022833481
Japanese,20250515,sing,1,0.472969137,40.07396754,40.54693668,2.114302861
Japanese,20250515,sing,1,0.538792565,40.54693668,41.08572924,1.856001854
Japanese,20250515,conv,2,0.187154193,18.3399959,18.52715009,5.343187793
Japanese,20250515,conv,2,0.103896068,18.52715009,18.63104616,9.62500332
Japanese,20250515,conv,2,0.097531058,18.63104616,18.72857722,10.25314414
Japanese,20250515,conv,2,0.318952921,18.72857722,19.04753014,3.135258953
Japanese,20250515,conv,2,0.670183423,19.04753014,19.71771356,1.49212882
Japanese,20250515,conv,2,0.147614575,20.32425994,20.47187451,6.774398808
Japanese,20250515,conv,2,0.147614575,20.47187451,20.61948909,6.774398808
Japanese,20250515,conv,2,0.180891088,20.61948909,20.80038018,5.52818831
Japanese,20250515,conv,2,0.143788458,20.80038018,20.94416864,6.954661123
Japanese,20250515,conv,2,0.23048444,20.94416864,21.17465308,4.338687673
Japanese,20250515,conv,2,0.097268663,21.17465308,21.27192174,10.2808034
Japanese,20250515,conv,2,0.095154127,21.27192174,21.36707587,10.5092657
Japanese,20250515,conv,2,0.097268663,21.36707587,21.46434453,10.2808034
Japanese,20250515,conv,2,0.070308327,21.46434453,21.53465286,14.22306636
Japanese,20250515,conv,2,0.084052812,21.53465286,21.61870567,11.89728192
Japanese,20250515,conv,2,0.069491118,21.61870567,21.68819679,14.39032824
Japanese,20250515,conv,2,0.377054195,21.68819679,22.06525098,2.652138639
Japanese,20250515,conv,2,0.08313207,22.26243148,22.34556355,12.02905207
Japanese,20250515,conv,2,0.072951497,22.34556355,22.41851504,13.70773787
Japanese,20250515,conv,2,0.145902994,22.41851504,22.56441804,6.853868933
Japanese,20250515,conv,2,0.10995588,22.56441804,22.67437392,9.094556853
Japanese,20250515,conv,2,0.102555003,22.67437392,22.77692892,9.750865079
Japanese,20250515,conv,2,0.269854212,22.77692892,23.04678313,3.705704613
Japanese,20250515,conv,2,0.134083235,23.66002017,23.79410341,7.458053969
Japanese,20250515,conv,2,0.093039591,23.79410341,23.887143,10.74811264
Japanese,20250515,conv,2,0.199823666,23.887143,24.08696667,5.004412236
Japanese,20250515,conv,2,0.101497735,24.1410165,24.24251424,9.852436591
Japanese,20250515,conv,2,0.065550621,24.24251424,24.30806486,15.25538569
Japanese,20250515,conv,2,0.10995588,24.30806486,24.41802074,9.094556853
Japanese,20250515,conv,2,0.096211395,24.41802074,24.51423213,10.39377926
Japanese,20250515,sing,2,0.117517922,10.75750659,10.87502451,8.509340404
Japanese,20250515,sing,2,0.362859832,10.87502451,11.23788434,2.755885086
Japanese,20250515,sing,2,0.108160142,11.23788434,11.34604449,9.245549967
Japanese,20250515,sing,2,0.48672064,11.34604449,11.83276513,2.054566659
Japanese,20250515,sing,2,0.50143789,11.83276513,12.33420302,1.994264934
Japanese,20250515,sing,2,1.114711109,12.33420302,13.44891412,0.897093419
Japanese,20250515,sing,2,0.578002845,13.44891412,14.02691697,1.730095291
Japanese,20250515,sing,2,0.120811735,14.67518494,14.79599667,8.2773416
Japanese,20250515,sing,2,0.146665758,14.79599667,14.94266243,6.81822408
Japanese,20250515,sing,2,0.081929797,14.94266243,15.02459223,12.20557151
Japanese,20250515,sing,2,0.479081018,15.02459223,15.50367325,2.087329621
Japanese,20250515,sing,2,0.663770222,15.50367325,16.16744347,1.506545438
Japanese,20250515,sing,2,1.183841538,16.16744347,17.35128501,0.844707647
Japanese,20250515,sing,2,0.528737307,17.35128501,17.88002231,1.891298358
Japanese,20250515,sing,2,0.755420504,45.79254427,46.54796477,1.323766028
Japanese,20250515,sing,2,0.199964251,46.54796477,46.74792902,5.000893884
Japanese,20250515,sing,2,0.477736898,46.74792902,47.22566592,2.093202357
Japanese,20250515,sing,2,0.294391814,47.22566592,47.52005774,3.396833581
Japanese,20250515,sing,2,0.205518814,47.52005774,47.72557655,4.865734589
Japanese,20250515,sing,2,0.238846189,47.72557655,47.96442274,4.186794879
Japanese,20250515,sing,2,0.183300563,47.96442274,48.1477233,5.4555206
Japanese,20250515,sing,2,0.261064439,48.1477233,48.40878774,3.830471911
Japanese,20250515,sing,2,0.199964251,48.40878774,48.60875199,5.000893884
Japanese,20250515,sing,2,0.216627939,48.60875199,48.82537993,4.616209739
Japanese,20250515,sing,2,0.494356065,48.82537993,49.319736,2.022833481
Japanese,20250515,sing,2,0.797058676,81.53449878,82.33155746,1.254612778
Japanese,20250515,sing,2,0.155527751,82.33155746,82.48708521,6.429720707
Japanese,20250515,sing,2,0.467501188,82.48708521,82.95458639,2.139031995
Japanese,20250515,sing,2,0.288837252,82.95458639,83.24342365,3.462157304
Japanese,20250515,sing,2,0.177746001,83.24342365,83.42116965,5.626005619
Japanese,20250515,conv,3,0.181593375,29.7899887,29.97158207,5.506808837
Japanese,20250515,conv,3,0.124432984,29.97158207,30.09601505,8.036454413
Japanese,20250515,conv,3,0.119824355,30.09601505,30.21583941,8.345548814
Japanese,20250515,conv,3,0.145171814,30.21583941,30.36101122,6.888389497
Japanese,20250515,conv,3,0.384820523,30.36101122,30.74583175,2.598614002
Japanese,20250515,conv,3,0.126140428,30.92095965,31.04710008,7.927672506
Japanese,20250515,conv,3,0.119824355,31.04710008,31.16692443,8.345548814
Japanese,20250515,conv,3,0.184345161,31.16692443,31.35126959,5.424606729
Japanese,20250515,conv,3,0.110607097,31.35126959,31.46187669,9.041011215
Japanese,20250515,conv,3,0.112911411,31.46187669,31.5747881,8.856500782
Japanese,20250515,conv,3,0.149780443,31.5747881,31.72456854,6.676439051
Japanese,20250515,conv,3,0.101389838,31.72456854,31.82595838,9.862921325
Japanese,20250515,conv,3,0.221214193,31.82595838,32.04717257,4.520505608
Japanese,20250515,conv,3,0.114813152,32.46487437,32.57968752,8.709803566
Japanese,20250515,conv,3,0.13941597,32.57968752,32.71910349,7.172779407
Japanese,20250515,conv,3,0.304102548,32.71910349,33.02320604,3.288364426
Japanese,20250515,conv,3,0.252588934,33.40817688,33.66076582,3.959001621
Japanese,20250515,conv,3,0.159098225,33.66076582,33.81986404,6.285425254
Japanese,20250515,conv,3,0.111532776,33.81986404,33.93139682,8.965974259
Japanese,20250515,conv,3,0.098411273,33.93139682,34.02980809,10.16143749
Japanese,20250515,conv,3,0.095130897,34.02980809,34.12493899,10.51183189
Japanese,20250515,conv,3,0.127934655,34.12493899,34.25287364,7.81649038
Japanese,20250515,conv,3,0.140255399,34.25287364,34.39312904,7.129850308
Japanese,20250515,conv,3,0.137775782,34.39312904,34.53090482,7.258169638
Japanese,20250515,conv,3,0.28446938,34.53090482,34.8153742,3.515316834
Japanese,20250515,conv,3,0.301098421,34.8153742,35.11647262,3.321173182
Japanese,20250515,conv,3,0.402908678,35.77385113,36.17675981,2.481952002
Japanese,20250515,conv,3,0.207952866,36.37383438,36.58178725,4.808782004
Japanese,20250515,conv,3,0.225140744,36.58178725,36.80692799,4.441666064
Japanese,20250515,conv,3,0.334127457,36.80692799,37.14105545,2.992869875
Japanese,20250515,sing,3,0.736776519,19.7796827,20.51645922,1.357263667
Japanese,20250515,sing,3,0.119423094,20.51645922,20.63588231,8.373589759
Japanese,20250515,sing,3,0.43881044,20.63588231,21.07469275,2.278888352
Japanese,20250515,sing,3,0.39437394,21.07469275,21.46906669,2.535664504
Japanese,20250515,sing,3,0.180523282,21.46906669,21.64958997,5.539451686
Japanese,20250515,sing,3,0.233291626,21.64958997,21.8828816,4.286480472
Japanese,20250515,sing,3,0.255509876,21.8828816,22.13839148,3.913743039
Japanese,20250515,sing,3,0.30827822,22.13839148,22.4466697,3.24382306
Japanese,20250515,sing,3,0.297169095,22.4466697,22.74383879,3.365087473
Japanese,20250515,sing,3,0.155527751,22.74383879,22.89936654,6.429720707
Japanese,20250515,sing,3,0.564956386,22.89936654,23.46432293,1.770048139
Japanese,20250515,sing,3,0.79132846,49.62523693,50.41656539,1.263697757
Japanese,20250515,sing,3,0.183300563,50.41656539,50.59986596,5.4555206
Japanese,20250515,sing,3,0.50546519,50.59986596,51.10533115,1.978375602
Japanese,20250515,sing,3,0.288837252,51.10533115,51.3941684,3.462157304
Japanese,20250515,sing,3,0.222182501,51.3941684,51.6163509,4.500804495
Japanese,20250515,sing,3,0.255509876,51.6163509,51.87186078,3.913743039
Japanese,20250515,sing,3,0.249955314,51.87186078,52.12181609,4.000715107
Japanese,20250515,sing,3,0.255509876,52.12181609,52.37732597,3.913743039
Japanese,20250515,sing,3,0.188855126,52.37732597,52.56618109,5.295064112
Japanese,20250515,sing,3,0.177746001,52.56618109,52.74392709,5.626005619
Japanese,20250515,sing,3,0.499910628,52.74392709,53.24383772,2.000357553
Japanese,20250515,sing,3,1.987353182,85.68380151,87.67115469,0.503181824
Japanese,20250515,sing,3,0.199964251,87.67115469,87.87111894,5.000893884
Japanese,20250515,sing,3,0.249955314,87.87111894,88.12107426,4.000715107
Japanese,20250515,sing,3,0.211073376,88.12107426,88.33214763,4.737688942
Japanese,20250515,sing,3,0.444365002,88.33214763,88.77651263,2.250402248
Japanese,20250515,sing,3,0.516574315,88.77651263,89.29308695,1.93582989
Japanese,20250515,sing,3,0.466583252,89.29308695,89.7596702,2.143240236
Japanese,20250515,sing,3,0.48324694,89.7596702,90.24291714,2.0693354
Japanese,20250515,conv,4,0.149189422,55.23341847,55.38260789,6.702888109
Japanese,20250515,conv,4,0.066234234,55.38260789,55.44884213,15.0979327
Japanese,20250515,conv,4,0.10142117,55.44884213,55.5502633,9.859874414
Japanese,20250515,conv,4,0.117979728,55.5502633,55.66824303,8.476032391
Japanese,20250515,conv,4,0.112972643,55.66824303,55.78121567,8.851700493
Japanese,20250515,conv,4,0.127155165,55.78121567,55.90837083,7.864407211
Japanese,20250515,conv,4,0.12282033,55.90837083,56.03119116,8.141974524
Japanese,20250515,conv,4,0.104036044,56.03119116,56.13522721,9.612053258
Japanese,20250515,conv,4,0.101029093,56.13522721,56.2362563,9.898138932
Japanese,20250515,conv,4,0.098256264,56.2362563,56.33451257,10.17746816
Japanese,20250515,conv,4,0.109815825,56.33451257,56.44432839,9.106155718
Japanese,20250515,conv,4,0.11704055,56.44432839,56.56136894,8.54404734
Japanese,20250515,conv,4,0.076582088,56.56136894,56.63795103,13.05788367
Japanese,20250515,conv,4,0.109815825,56.63795103,56.74776685,9.106155718
Japanese,20250515,conv,4,0.112705715,56.74776685,56.86047257,8.872664546
Japanese,20250515,conv,4,0.323667694,56.86047257,57.18414026,3.089588547
Japanese,20250515,conv,4,0.109815825,57.31305166,57.42286749,9.106155718
Japanese,20250515,conv,4,0.112705715,57.42286749,57.5355732,8.872664546
Japanese,20250515,conv,4,0.102591099,57.5355732,57.6381643,9.74743429
Japanese,20250515,conv,4,0.148829341,57.6381643,57.78699364,6.71910519
Japanese,20250515,conv,4,0.151719231,57.78699364,57.93871287,6.591122234
Japanese,20250515,conv,4,0.083047228,57.93871287,58.0217601,12.04134111
Japanese,20250515,conv,4,0.053462967,58.0217601,58.07522307,18.70453607
Japanese,20250515,conv,4,0.134379891,58.07522307,58.20960296,7.441589619
Japanese,20250515,conv,4,0.079879661,58.20960296,58.28948262,12.51883126
Japanese,20250515,conv,4,0.093008198,58.28948262,58.38249082,10.75174043
Japanese,20250515,conv,4,0.073653468,58.38249082,58.45614429,13.57709321
Japanese,20250515,conv,4,0.097246912,58.45614429,58.5533912,10.28310287
Japanese,20250515,conv,4,0.120400939,58.5533912,58.67379214,8.305583084
Japanese,20250515,conv,4,0.100371702,58.67379214,58.77416384,9.962967498
Japanese,20250515,sing,4,0.799857004,24.01977918,24.81963619,1.250223471
Japanese,20250515,sing,4,0.252732595,24.81963619,25.07236878,3.956751205
Japanese,20250515,sing,4,0.488801503,25.07236878,25.56117028,2.045820225
Japanese,20250515,sing,4,0.30364441,25.56117028,25.86481469,3.293325897
Japanese,20250515,sing,4,0.213850657,25.86481469,26.07866535,4.676160515
Japanese,20250515,sing,4,0.252732595,26.07866535,26.33139795,3.956751205
Japanese,20250515,sing,4,0.186077845,26.33139795,26.51747579,5.37409492
Japanese,20250515,sing,4,0.280505408,26.51747579,26.7979812,3.56499366
Japanese,20250515,sing,4,0.238846189,26.7979812,27.03682739,4.186794879
Japanese,20250515,sing,4,0.158305032,27.03682739,27.19513242,6.31691859
Japanese,20250515,sing,4,0.569342659,27.19513242,27.76447508,1.75641151
Japanese,20250515,sing,4,1.901716431,53.91038523,55.81210166,0.525840753
Japanese,20250515,sing,4,0.173854083,55.81210166,55.98595574,5.751950039
Japanese,20250515,sing,4,0.288837252,55.98595574,56.27479299,3.462157304
Japanese,20250515,sing,4,0.172191438,56.27479299,56.44698443,5.807489671
Japanese,20250515,sing,4,0.533238003,56.44698443,56.98022243,1.875335206
Japanese,20250515,sing,4,0.455474127,56.98022243,57.43569656,2.195514388
Japanese,20250515,sing,4,0.561010815,57.43569656,57.99670737,1.78249683
Japanese,20250515,sing,4,0.449919565,57.99670737,58.44662694,2.222619504
Japanese,20250515,sing,4,0.472137815,58.44662694,58.91876475,2.118025645
Japanese,20250515,sing,4,0.157321529,58.91876475,59.07608628,6.3564091
Japanese,20250515,sing,4,0.127754938,59.07608628,59.20384122,7.827486079
Japanese,20250515,sing,4,0.194409689,59.20384122,59.39825091,5.143776566
Japanese,20250515,sing,4,0.319190645,59.39825091,59.71744156,3.1329239
Japanese,20250515,sing,4,0.186274545,59.71744156,59.9037161,5.36842003
Japanese,20250515,sing,4,0.202544832,59.9037161,60.10626093,4.937178556
Japanese,20250515,sing,4,0.211073376,60.10626093,60.31733431,4.737688942
Japanese,20250515,sing,4,0.119619795,60.31733431,60.4369541,8.359820383
Japanese,20250515,sing,4,0.491382083,60.4369541,60.92833619,2.035076235
Japanese,20250515,sing,4,0.433255877,60.92833619,61.36159206,2.308104869
Japanese,20250515,conv,5,0.083819879,76.22974009,76.31355997,11.93034416
Japanese,20250515,conv,5,0.070718418,76.31355997,76.38427839,14.14058779
Japanese,20250515,conv,5,0.194619469,76.38427839,76.57889786,5.138232086
Japanese,20250515,conv,5,0.10729022,76.57889786,76.68618808,9.320514017
Japanese,20250515,conv,5,0.10729022,76.68618808,76.7934783,9.320514017
Japanese,20250515,conv,5,0.185886544,76.7934783,76.97936484,5.37962554
Japanese,20250515,conv,5,0.205847515,76.97936484,77.18521236,4.857964882
Japanese,20250515,conv,5,0.176719762,77.18521236,77.36193212,5.658676692
Japanese,20250515,conv,5,0.152202405,77.36193212,77.51413453,6.570198405
Japanese,20250515,conv,5,0.376329474,77.51413453,77.890464,2.657246028
Japanese,20250515,conv,5,0.118518266,78.93453434,79.05305261,8.437517952
Japanese,20250515,conv,5,0.101052417,79.05305261,79.15410502,9.895854388
Japanese,20250515,conv,5,0.479295209,79.15410502,79.63340023,2.08639682
Japanese,20250515,conv,5,0.130993873,79.88291237,80.01390624,7.633944814
Japanese,20250515,conv,5,0.118518266,80.01390624,80.13242451,8.437517952
Japanese,20250515,conv,5,0.146667346,80.13242451,80.27909186,6.818150241
Japanese,20250515,conv,5,0.128498752,80.27909186,80.40759061,7.782176752
Japanese,20250515,conv,5,0.082339006,80.40759061,80.48992962,12.1449122
Japanese,20250515,conv,5,0.097309734,80.48992962,80.58723935,10.27646417
Japanese,20250515,conv,5,0.26822555,80.58723935,80.8554649,3.728205607
Japanese,20250515,conv,5,0.097309734,83.19261987,83.28992961,10.27646417
Japanese,20250515,conv,5,0.08982437,83.28992961,83.37975398,11.13283619
Japanese,20250515,conv,5,0.087329249,83.37975398,83.46708322,11.45091722
Japanese,20250515,conv,5,0.087329249,83.46708322,83.55441247,11.45091722
Japanese,20250515,conv,5,0.087329249,83.55441247,83.64174172,11.45091722
Japanese,20250515,conv,5,0.269473111,83.64174172,83.91121483,3.710945396
Japanese,20250515,conv,5,0.095621077,83.91121483,84.00683591,10.45794533
Japanese,20250515,conv,5,0.103153604,84.00683591,84.10998951,9.694280816
Japanese,20250515,conv,5,0.115532036,84.10998951,84.22552155,8.655607872
Japanese,20250515,conv,5,0.156793477,84.22552155,84.38231503,6.377816327
Japanese,20250515,sing,5,1.920956024,28.8204261,30.74138213,0.520574124
Japanese,20250515,sing,5,0.177746001,30.74138213,30.91912813,5.626005619
Japanese,20250515,sing,5,0.261064439,30.91912813,31.18019257,3.830471911
Japanese,20250515,sing,5,0.194409689,31.18019257,31.37460226,5.143776566
Japanese,20250515,sing,5,0.472137815,31.37460226,31.84674007,2.118025645
Japanese,20250515,sing,5,0.519461683,31.84674007,32.36620175,1.925069802
Japanese,20250515,sing,5,0.466583252,32.36620175,32.83278501,2.143240236
Japanese,20250515,sing,5,0.488801503,32.83278501,33.32158651,2.045820225
Japanese,20250515,sing,5,0.472137815,33.32158651,33.79372432,2.118025645
Japanese,20250515,sing,5,0.144418626,33.79372432,33.93814295,6.924314608
Japanese,20250515,sing,5,0.238846189,33.93814295,34.17698914,4.186794879
Japanese,20250515,sing,5,0.116645813,34.17698914,34.29363495,8.572960943
Japanese,20250515,sing,5,0.361046564,34.29363495,34.65468152,2.769725843
Japanese,20250515,sing,5,0.166636876,34.65468152,34.82131839,6.00107266
Japanese,20250515,sing,5,0.316610064,34.82131839,35.13792846,3.158459295
Japanese,20250515,sing,5,0.155527751,35.13792846,35.29345621,6.429720707
Japanese,20250515,sing,5,0.511019753,35.29345621,35.80447596,1.95687152
Japanese,20250515,sing,5,0.477692378,35.80447596,36.28216834,2.09339744
Japanese,20250515,sing,5,0.52772796,36.28216834,36.8098963,1.894915705
Japanese,20250515,sing,5,0.127754938,36.8098963,36.93765124,7.827486079
Japanese,20250515,sing,5,0.322164627,36.93765124,37.25981586,3.1040031
Japanese,20250515,sing,5,0.127754938,37.25981586,37.3875708,7.827486079
Japanese,20250515,sing,5,0.333536019,37.3875708,37.72110682,2.998176936
Japanese,20250515,sing,5,0.166636876,64.70075999,64.86739686,6.00107266
Japanese,20250515,sing,5,0.299946377,64.86739686,65.16734324,3.333929256
Japanese,20250515,sing,5,0.216627939,65.16734324,65.38397118,4.616209739
Japanese,20250515,sing,5,0.583229066,65.38397118,65.96720024,1.714592189
Japanese,20250515,sing,5,0.299946377,65.96720024,66.26714662,3.333929256
Japanese,20250515,sing,5,0.138864063,66.26714662,66.40601068,7.201287192
Japanese,20250515,sing,5,0.311055502,66.40601068,66.71706618,3.214860354
Japanese,20250515,conv,6,0.12140203,8.515771012,8.637173042,8.237094553
Japanese,20250515,conv,6,0.12140203,8.637173042,8.758575072,8.237094553
Japanese,20250515,conv,6,0.112296878,8.758575072,8.87087195,8.904967064
Japanese,20250515,conv,6,0.091051523,8.87087195,8.961923473,10.98279268
Japanese,20250515,conv,6,0.088016472,8.961923473,9.049939944,11.3615097
Japanese,20250515,conv,6,0.07891132,9.049939944,9.128851264,12.67245308
Japanese,20250515,conv,6,0.130507182,9.128851264,9.259358446,7.662413552
Japanese,20250515,conv,6,0.139612335,9.259358446,9.398970781,7.16269089
Japanese,20250515,conv,6,0.522445103,9.398970781,9.921415884,1.914076703
Japanese,20250515,conv,6,0.397591649,9.97114504,10.36873669,2.51514337
Japanese,20250515,conv,6,0.101835389,10.36873669,10.47057208,9.819769039
Japanese,20250515,conv,6,0.045525761,10.47057208,10.51609784,21.96558559
Japanese,20250515,conv,6,0.106226776,10.51609784,10.62232461,9.413822368
Japanese,20250515,conv,6,0.215488603,10.62232461,10.83781322,4.640616655
Japanese,20250515,conv,6,0.101194964,10.83781322,10.93900818,9.881914677
Japanese,20250515,conv,6,0.12124344,10.93900818,11.06025162,8.247868916
Japanese,20250515,conv,6,0.329347851,11.06025162,11.38959947,3.036303401
Japanese,20250515,conv,6,0.085940506,11.38959947,11.47553998,11.63595662
Japanese,20250515,conv,6,0.097718593,11.47553998,11.57325857,10.23346703
Japanese,20250515,conv,6,0.159245115,11.57325857,11.73250369,6.279627479
Japanese,20250515,conv,6,0.153816304,11.73250369,11.88631999,6.501261401
Japanese,20250515,conv,6,0.070450234,11.88631999,11.95677022,14.19441701
Japanese,20250515,conv,6,0.119558142,11.95677022,12.07632837,8.364131319
Japanese,20250515,conv,6,0.068596972,12.07632837,12.14492534,14.57790294
Japanese,20250515,conv,6,0.063336125,12.14492534,12.20826146,15.78877773
Japanese,20250515,conv,6,0.070574539,12.20826146,12.278836,14.16941597
Japanese,20250515,conv,6,0.150197097,12.278836,12.4290331,6.657918295
Japanese,20250515,conv,6,0.071395359,12.4290331,12.50042846,14.00651266
Japanese,20250515,conv,6,0.165066613,12.50042846,12.66549507,6.05816029
Japanese,20250515,conv,6,0.150197097,12.66549507,12.81569217,6.657918295
Japanese,20250515,sing,6,1.060005986,0,1.060005986,0.943390899
Japanese,20250515,sing,6,0.337155009,1.060005986,1.397160995,2.965994791
Japanese,20250515,sing,6,0.339568475,1.397160995,1.73672947,2.944914129
Japanese,20250515,sing,6,0.286306089,1.73672947,2.02303556,3.49276539
Japanese,20250515,sing,6,0.47500783,2.02303556,2.49804339,2.105228455
Japanese,20250515,sing,6,0.416445221,2.49804339,2.914488611,2.401276206
Japanese,20250515,sing,6,0.143153045,2.914488611,3.057641655,6.985530781
Japanese,20250515,sing,6,0.416445221,3.67580253,4.092247751,2.401276206
Japanese,20250515,sing,6,0.618160875,4.092247751,4.710408626,1.617701865
Japanese,20250515,sing,6,0.22774348,4.710408626,4.938152106,4.390905062
Japanese,20250515,sing,6,0.214729567,4.938152106,5.152881673,4.657020521
Japanese,20250515,sing,6,0.286306089,5.152881673,5.439187762,3.49276539
Japanese,20250515,sing,6,0.611653918,5.439187762,6.050841681,1.634911459
Japanese,20250515,sing,6,0.488021743,6.050841681,6.538863424,2.049089029
Japanese,20250515,sing,6,0.351375655,6.538863424,6.890239079,2.845956985
Japanese,20250515,sing,6,0.325347829,6.890239079,7.215586908,3.073633544
Japanese,20250515,sing,6,0.631174788,7.215586908,7.846761696,1.584347187
Japanese,20250515,sing,6,0.540077396,7.846761696,8.386839091,1.851586472
Japanese,20250515,sing,6,0.279679568,8.386839091,8.66651866,3.575520391
Japanese,20250515,sing,6,0.299320003,8.66651866,8.965838662,3.340906026
Japanese,20250515,sing,6,0.26678522,8.965838662,9.232623882,3.74833359
Japanese,20250515,sing,6,0.441911265,9.232623882,9.674535147,2.262897732
Japanese,20250515,sing,6,0.200037077,62.71640354,62.91644062,4.999073243
Japanese,20250515,sing,6,0.428381288,62.91644062,63.34482191,2.334369003
Japanese,20250515,sing,6,0.237779922,63.34482191,63.58260183,4.205569554
Japanese,20250515,sing,6,0.32081418,63.58260183,63.90341601,3.117069199
Japanese,20250515,sing,6,0.262312771,63.90341601,64.16572878,3.812242905
Japanese,20250515,sing,6,0.431688601,64.16572878,64.59741738,2.31648461
Japanese,20250515,sing,6,0.264199913,64.59741738,64.86161729,3.785012598
Japanese,20250515,sing,6,0.26986134,64.86161729,65.13147863,3.70560674
Japanese,20250515,conv,7,0.23575857,19.7407742,19.9765328,4.24162741
Japanese,20250515,conv,7,0.18050069,19.9765328,20.1570334,5.54014512
Japanese,20250515,conv,7,0.10199005,20.1570334,20.2590235,9.80487764
Japanese,20250515,conv,7,0.09527258,20.2590235,20.3542961,10.4961991
Japanese,20250515,conv,7,0.08908635,20.3542961,20.4433824,11.225064
Japanese,20250515,conv,7,0.08060194,20.4433824,20.5239844,12.4066496
Japanese,20250515,conv,7,0.22483698,20.5239844,20.7488213,4.44766685
Japanese,20250515,conv,7,0.12762312,20.7488213,20.8764445,7.83557074
Japanese,20250515,conv,7,0.30543892,20.8764445,21.1818834,3.27397698
Japanese,20250515,conv,7,0.09332856,21.1818834,21.275212,10.7148337
Japanese,20250515,conv,7,0.42634183,21.275212,21.7015538,2.34553575
Japanese,20250515,conv,7,0.08060194,21.7015538,21.7821557,12.4066496
Japanese,20250515,conv,7,0.10605518,21.7821557,21.8882109,9.42905373
Japanese,20250515,conv,7,0.53029024,21.8882109,22.4185011,1.88575979
Japanese,20250515,conv,7,0.17180939,22.4185011,22.5903105,5.82040351
Japanese,20250515,conv,7,0.15696167,22.5903105,22.7472722,6.37098225
Japanese,20250515,conv,7,0.48785383,22.7472722,23.235126,2.04979428
Japanese,20250515,conv,7,0.12302401,23.6044893,23.7275133,8.12849459
Japanese,20250515,conv,7,0.16120388,23.7275133,23.8887172,6.20332479
Japanese,20250515,conv,7,0.34149768,23.8887172,24.2302149,2.92827755
Japanese,20250515,conv,7,0.14455053,24.53957,24.6841205,6.91799618
Japanese,20250515,conv,7,0.12701876,24.6841205,24.8111393,7.87285267
Japanese,20250515,conv,7,0.09499466,24.8111393,24.9061339,10.526908
Japanese,20250515,conv,7,0.13559135,24.9061339,25.0417253,7.37510173
Japanese,20250515,conv,7,0.09374217,25.0417253,25.1354675,10.6675578
Japanese,20250515,conv,7,0.07365456,25.1354675,25.209122,13.5768917
Japanese,20250515,conv,7,0.20575734,25.209122,25.4148794,4.86009391
Japanese,20250515,conv,7,0.08567266,25.4148794,25.500552,11.6723357
Japanese,20250515,conv,7,0.09088734,25.500552,25.5914394,11.002633
Japanese,20250515,conv,7,0.20986712,25.5914394,25.8013065,4.76491978
Japanese,20250515,sing,7,0.116171194,38.37610861,38.4922798,8.607985925
Japanese,20250515,sing,7,0.261385186,38.4922798,38.75366498,3.825771522
Japanese,20250515,sing,7,0.18006535,38.75366498,38.93373034,5.553539306
Japanese,20250515,sing,7,0.287523704,38.93373034,39.22125404,3.477974111
Japanese,20250515,sing,7,0.200395309,39.22125404,39.42164935,4.990136768
Japanese,20250515,sing,7,0.255576626,39.42164935,39.67722597,3.912720875
Japanese,20250515,sing,7,0.20764291,39.67722597,39.88486888,4.815960253
Japanese,20250515,sing,7,0.238150947,39.88486888,40.12301983,4.199017524
Japanese,20250515,sing,7,0.145213992,40.12301983,40.26823382,6.88638874
Japanese,20250515,sing,7,0.296236544,40.26823382,40.56447037,3.375680755
Japanese,20250515,sing,7,0.229438108,40.56447037,40.79390847,4.358473886
Japanese,20250515,sing,7,0.264289466,40.79390847,41.05819794,3.783730077
Japanese,20250515,sing,7,0.406599178,41.05819794,41.46479712,2.45942455
Japanese,20250515,sing,7,0.351417861,41.46479712,41.81621498,2.845615182
Japanese,20250515,sing,7,0.943480279,69.53149659,70.47497686,1.059905567
Japanese,20250515,sing,7,0.203495746,72.28094651,72.48444226,4.91410763
Japanese,20250515,sing,7,0.247894818,72.48444226,72.73233708,4.03396895
Japanese,20250515,sing,7,0.203495746,72.73233708,72.93583282,4.91410763
Japanese,20250515,sing,7,0.244194896,72.93583282,73.18002772,4.095089691
Japanese,20250515,sing,7,0.196095901,73.18002772,73.37612362,5.099545653
Japanese,20250515,sing,7,0.440290797,73.37612362,73.81641442,2.271226215
Japanese,20250515,sing,7,0.072455243,103.9525059,104.0249612,13.80162363
Japanese,20250515,sing,7,0.222728176,104.0249612,104.2476893,4.4897777
Japanese,20250515,sing,7,0.216364514,104.2476893,104.4640538,4.621829986
Japanese,20250515,sing,7,0.26091015,104.4640538,104.724964,3.832737061
Japanese,20250515,sing,7,0.131515685,104.724964,104.8564797,7.603655783
Japanese,20250515,sing,7,0.506971754,104.8564797,105.3634514,1.972496479
Japanese,20250515,sing,7,1.174285134,134.6968361,135.8711212,0.85158193
Japanese,20250515,sing,7,0.233214802,136.715737,136.9489518,4.287892498
Japanese,20250515,sing,7,0.157577569,136.9489518,137.1065293,6.346080896
Japanese,20250515,conv,8,0.157449407,28.83392677,28.99137618,6.351246531
Japanese,20250515,conv,8,0.141860357,28.99137618,29.13323653,7.0491857
Japanese,20250515,conv,8,0.115358971,29.13323653,29.24859551,8.668593273
Japanese,20250515,conv,8,0.102887731,29.24859551,29.35148324,9.719331841
Japanese,20250515,conv,8,0.263765664,29.35148324,29.6152489,3.791244034
Japanese,20250515,conv,8,0.107564446,29.6152489,29.72281335,9.2967522
Japanese,20250515,conv,8,0.091975396,29.72281335,29.81478874,10.87247289
Japanese,20250515,conv,8,0.087298681,29.81478874,29.90208742,11.45492679
Japanese,20250515,conv,8,0.070150726,29.90208742,29.97223815,14.25501997
Japanese,20250515,conv,8,0.149654882,29.97223815,30.12189303,6.682040617
Japanese,20250515,conv,8,0.099769921,30.12189303,30.22166295,10.02306096
Japanese,20250515,conv,8,0.110344771,30.22166295,30.33200772,9.062504647
Japanese,20250515,conv,8,0.313339909,30.33200772,30.64534763,3.191422386
Japanese,20250515,conv,8,0.693975237,30.64534763,31.33932287,1.440973606
Japanese,20250515,conv,8,0.144978167,31.33932287,31.48430104,6.897590311
Japanese,20250515,conv,8,0.129389117,31.48430104,31.61369015,7.728625275
Japanese,20250515,conv,8,0.093534301,31.61369015,31.70722445,10.69126502
Japanese,20250515,conv,8,0.505203093,31.70722445,32.21242755,1.979401975
Japanese,20250515,conv,8,0.199539842,32.81728269,33.01682253,5.011530479
Japanese,20250515,conv,8,0.196422032,33.01682253,33.21324457,5.091078581
Japanese,20250515,conv,8,0.524858148,33.21324457,33.73810272,1.9052767
Japanese,20250515,conv,8,0.129910479,33.73810272,33.86801319,7.697608443
Japanese,20250515,conv,8,0.240555613,33.86801319,34.10856881,4.157042887
Japanese,20250515,conv,8,0.115303866,34.10856881,34.22387267,8.67273609
Japanese,20250515,conv,8,0.113823875,34.22387267,34.33769655,8.785503041
Japanese,20250515,conv,8,0.362033237,34.33769655,34.69972978,2.76217733
Japanese,20250515,conv,8,0.364940466,34.98196896,35.34690943,2.740172968
Japanese,20250515,conv,8,0.171322534,35.34690943,35.51823196,5.836943785
Japanese,20250515,conv,8,0.110303549,35.51823196,35.62853551,9.065891434
Japanese,20250515,conv,8,0.133780637,35.62853551,35.76231615,7.474923296
Japanese,20250515,sing,8,0.796598953,41.81621498,42.61281393,1.255336825
Japanese,20250515,sing,8,0.252672346,42.61281393,42.86548628,3.957694678
Japanese,20250515,sing,8,0.502440413,42.86548628,43.36792669,1.990285763
Japanese,20250515,sing,8,0.273002305,43.36792669,43.640929,3.662972734
Japanese,20250515,sing,8,0.261385186,43.640929,43.90231418,3.825771522
Japanese,20250515,sing,8,0.940610101,73.81641442,74.75702452,1.063139763
Japanese,20250515,sing,8,0.188696056,74.75702452,74.94572057,5.299527836
Japanese,20250515,sing,8,0.606787317,74.94572057,75.55250789,1.6480239
Japanese,20250515,sing,8,0.270094354,75.55250789,75.82260224,3.702409858
Japanese,20250515,sing,8,0.272708129,75.82260224,76.09531037,3.666924056
Japanese,20250515,sing,8,0.233095128,76.09531037,76.3284055,4.290093962
Japanese,20250515,sing,8,0.2774942,76.3284055,76.6058997,3.603678928
Japanese,20250515,sing,8,0.23679505,76.6058997,76.84269475,4.223061244
Japanese,20250515,sing,8,0.284894045,76.84269475,77.1275888,3.510076878
Japanese,20250515,sing,8,0.226577904,77.1275888,77.3541667,4.413493028
Japanese,20250515,sing,8,0.517989173,77.3541667,77.87215587,1.930542283
Japanese,20250515,sing,8,1.820452611,105.974363,107.7948156,0.549313942
Japanese,20250515,sing,8,0.226911699,108.2171235,108.4440352,4.407000622
Japanese,20250515,sing,8,0.336784824,108.4440352,108.78082,2.969254934
Japanese,20250515,sing,8,0.232264072,108.78082,109.0130841,4.30544419
Japanese,20250515,sing,8,0.083381713,112.0517258,112.1351075,11.99303733
Japanese,20250515,sing,8,0.265925532,112.1351075,112.401033,3.760451255
Japanese,20250515,sing,8,0.252460948,112.401033,112.653494,3.961008655
Japanese,20250515,sing,8,0.252460948,112.653494,112.9059549,3.961008655
Japanese,20250515,sing,8,0.205334904,112.9059549,113.1112898,4.870092609
Japanese,20250515,sing,8,0.205334904,113.1112898,113.3166247,4.870092609
Japanese,20250515,sing,8,0.249094802,113.3166247,113.5657195,4.014535799
Japanese,20250515,sing,8,0.221980559,113.5657195,113.7877001,4.50489901
Japanese,20250515,sing,8,0.558780232,113.7877001,114.3464803,1.789612344
Japanese,20250515,sing,8,0.616004713,114.3464803,114.962485,1.623364203
Japanese,20250515,conv,9,0.235454923,42.0596678,42.29512273,4.247097437
Japanese,20250515,conv,9,0.291964665,42.29512273,42.58708739,3.425072003
Japanese,20250515,conv,9,0.129833064,42.58708739,42.71692046,7.702198263
Japanese,20250515,conv,9,0.106322644,42.71692046,42.8232431,9.405334201
Japanese,20250515,conv,9,0.190261574,42.8232431,43.01350468,5.255922039
Japanese,20250515,conv,9,0.124975739,43.01350468,43.13848041,8.001553005
Japanese,20250515,conv,9,0.113783882,43.13848041,43.2522643,8.788590989
Japanese,20250515,conv,9,0.093265477,43.2522643,43.34552977,10.72208101
Japanese,20250515,conv,9,0.102592025,43.34552977,43.4481218,9.747346346
Japanese,20250515,conv,9,0.402906862,43.4481218,43.85102866,2.481963189
Japanese,20250515,conv,9,0.322698551,44.2644221,44.58712066,3.098867339
Japanese,20250515,conv,9,0.600629673,44.58712066,45.18775033,1.664919409
Japanese,20250515,conv,9,0.13052664,45.18775033,45.31827697,7.661271293
Japanese,20250515,conv,9,0.220106526,45.31827697,45.5383835,4.54325466
Japanese,20250515,conv,9,0.139898216,45.5383835,45.67828171,7.148053982
Japanese,20250515,conv,9,0.08020831,45.67828171,45.75849002,12.46753609
Japanese,20250515,conv,9,0.40850279,45.75849002,46.16699281,2.447963697
Japanese,20250515,conv,9,0.109463419,46.25466236,46.36412578,9.135472006
Japanese,20250515,conv,9,0.104457334,46.36412578,46.46858311,9.57328664
Japanese,20250515,conv,9,0.190261574,46.46858311,46.65884469,5.255922039
Japanese,20250515,conv,9,0.380523147,46.65884469,47.03936783,2.627961027
Japanese,20250515,conv,9,0.166892051,49.4115264,49.57841845,5.991897122
Japanese,20250515,conv,9,0.1086327,49.57841845,49.68705115,9.20533136
Japanese,20250515,conv,9,0.104533353,49.68705115,49.7915845,9.566324731
Japanese,20250515,conv,9,0.104533353,49.7915845,49.89611786,9.566324731
Japanese,20250515,conv,9,0.359913271,49.89611786,50.25603113,2.778447144
Japanese,20250515,conv,9,0.22541755,50.25603113,50.48144868,4.436211821
Japanese,20250515,conv,9,0.088364252,50.48144868,50.56981293,11.31679358
Japanese,20250515,conv,9,0.078740423,50.56981293,50.64855335,12.69995717
Japanese,20250515,conv,9,0.122485102,50.64855335,50.77103845,8.164258213
Japanese,20250515,sing,9,0.758017039,46.62186626,47.3798833,1.319231559
Japanese,20250515,sing,9,0.209108149,47.3798833,47.58899145,4.782214403
Japanese,20250515,sing,9,0.492768736,47.58899145,48.08176019,2.029349524
Japanese,20250515,sing,9,0.348513581,48.08176019,48.43027377,2.869328642
Japanese,20250515,sing,9,0.229438108,48.43027377,48.65971188,4.358473886
Japanese,20250515,sing,9,0.232342387,48.65971188,48.89205426,4.303992962
Japanese,20250515,sing,9,0.232342387,48.89205426,49.12439665,4.303992962
Japanese,20250515,sing,9,0.229438108,49.12439665,49.35383476,4.358473886
Japanese,20250515,sing,9,0.287523704,49.35383476,49.64135846,3.477974111
Japanese,20250515,sing,9,0.203299589,49.64135846,49.84465805,4.9188491
Japanese,20250515,sing,9,0.618611606,49.84465805,50.46326966,1.616523178
Japanese,20250515,sing,9,1.888012953,78.43824404,80.32625699,0.529657383
Japanese,20250515,sing,9,0.177596288,80.62965065,80.80724694,5.630748326
Japanese,20250515,sing,9,0.340392885,80.80724694,81.14763983,2.937781735
Japanese,20250515,sing,9,0.196095901,81.14763983,81.34373573,5.099545653
Japanese,20250515,sing,9,0.532788863,81.34373573,81.87652459,1.876916109
Japanese,20250515,sing,9,0.536488786,81.87652459,82.41301338,1.86397186
Japanese,20250515,sing,9,0.66286332,82.41301338,83.0758767,1.50860663
Japanese,20250515,sing,9,0.455090487,83.0758767,83.53096718,2.1973652
Japanese,20250515,sing,9,0.584587781,83.53096718,84.11555496,1.710607086
Japanese,20250515,sing,9,0.173896365,84.11555496,84.28945133,5.750551482
Japanese,20250515,sing,9,0.184996133,84.28945133,84.47444746,5.405518393
Japanese,20250515,sing,9,0.214595514,84.47444746,84.68904298,4.659929649
Japanese,20250515,sing,9,0.526509256,84.68904298,85.21555223,1.899301844
Japanese,20250515,sing,9,0.406991493,85.21555223,85.62254372,2.457053815
Japanese,20250515,sing,9,0.199795824,85.62254372,85.82233955,5.005109623
Japanese,20250515,sing,9,0.570500938,85.82233955,86.39284049,1.752845498
Japanese,20250515,sing,9,0.473590101,86.39284049,86.86643059,2.111530622
Japanese,20250515,sing,9,0.455090487,86.86643059,87.32152107,2.1973652
Japanese,20250515,sing,9,0.16649652,87.77277596,87.93927248,6.006131547
Japanese,20250515,conv,10,0.214729471,52.01929516,52.23402464,4.657022603
Japanese,20250515,conv,10,0.157730157,52.23402464,52.39175479,6.339941702
Japanese,20250515,conv,10,0.11164609,52.39175479,52.50340088,8.956874352
Japanese,20250515,conv,10,0.101496446,52.50340088,52.60489733,9.852561734
Japanese,20250515,conv,10,0.133636987,52.60489733,52.73853431,7.482958292
Japanese,20250515,conv,10,0.090370177,52.73853431,52.82890449,11.06559745
Japanese,20250515,conv,10,0.094730016,52.82890449,52.92363451,10.55631617
Japanese,20250515,conv,10,0.081197156,52.92363451,53.00483166,12.31570229
Japanese,20250515,conv,10,0.096421623,53.00483166,53.10125329,10.37111769
Japanese,20250515,conv,10,0.094730016,53.10125329,53.1959833,10.55631617
Japanese,20250515,conv,10,0.074430727,53.1959833,53.27041403,13.43531147
Japanese,20250515,conv,10,0.106635169,53.27041403,53.3770492,9.377769167
Japanese,20250515,conv,10,0.155627883,53.3770492,53.53267708,6.425583775
Japanese,20250515,conv,10,0.45335079,53.53267708,53.98602787,2.205797414
Japanese,20250515,conv,10,0.140403416,54.43306558,54.57346899,7.122333833
Japanese,20250515,conv,10,0.081197156,54.57346899,54.65466615,12.31570229
Japanese,20250515,conv,10,0.140403416,54.65466615,54.79506956,7.122333833
Japanese,20250515,conv,10,0.089655194,54.79506956,54.88472476,11.15384347
Japanese,20250515,conv,10,0.11841252,54.88472476,55.00313728,8.445052939
Japanese,20250515,conv,10,0.077813942,55.00313728,55.08095122,12.85116747
Japanese,20250515,conv,10,0.103188053,55.08095122,55.18413927,9.691044369
Japanese,20250515,conv,10,0.089655194,55.18413927,55.27379447,11.15384347
Japanese,20250515,conv,10,0.116784813,55.27379447,55.39057928,8.562757214
Japanese,20250515,conv,10,0.099804838,55.39057928,55.49038412,10.01955436
Japanese,20250515,conv,10,0.131945379,55.49038412,55.6223295,7.578893688
Japanese,20250515,conv,10,0.209759321,55.6223295,55.83208882,4.767368598
Japanese,20250515,conv,10,0.106571268,55.83208882,55.93866008,9.383392154
Japanese,20250515,conv,10,0.366833525,55.93866008,56.30549361,2.726032197
Japanese,20250515,conv,10,0.169302607,59.21135519,59.3806578,5.906583589
Japanese,20250515,conv,10,0.045777841,59.3806578,59.42643564,21.84463003
Japanese,20250515,sing,10,0.172000156,54.24133848,54.41333863,5.813948212
Japanese,20250515,sing,10,0.322701323,54.41333863,54.73603996,3.098840724
Japanese,20250515,sing,10,0.181165655,54.73603996,54.91720561,5.519810039
Japanese,20250515,sing,10,0.449139852,54.91720561,55.36634546,2.226477999
Japanese,20250515,sing,10,0.500092693,55.36634546,55.86643816,1.999629297
Japanese,20250515,sing,10,0.489982015,55.86643816,56.35642017,2.040891237
Japanese,20250515,sing,10,0.524625542,56.35642017,56.88104571,1.906121452
Japanese,20250515,sing,10,0.527932855,56.88104571,57.40897857,1.894180275
Japanese,20250515,sing,10,0.12643853,57.40897857,57.5354171,7.908981549
Japanese,20250515,sing,10,0.264199913,57.5354171,57.79961701,3.785012598
Japanese,20250515,sing,10,0.2189085,57.79961701,58.01852551,4.568118653
Japanese,20250515,sing,10,0.322701323,58.654666,58.97736732,3.098840724
Japanese,20250515,sing,10,0.19437565,58.97736732,59.17174297,5.144677318
Japanese,20250515,sing,10,0.311378469,59.17174297,59.48312144,3.211525841
Japanese,20250515,sing,10,0.23887088,59.48312144,59.72199232,4.186362112
Japanese,20250515,sing,10,0.477446986,59.72199232,60.19943931,2.094473375
Japanese,20250515,sing,10,0.500872336,60.19943931,60.70031165,1.996516732
Japanese,20250515,sing,10,0.830342584,60.70031165,61.53065423,1.20432219
Japanese,20250515,sing,10,0.25287706,61.53065423,61.78353129,3.954490774
Japanese,20250515,sing,10,0.184939939,61.78353129,61.96847123,5.407160855
Japanese,20250515,sing,10,0.165635985,61.96847123,62.13410721,6.037335427
Japanese,20250515,sing,10,0.32081418,62.13410721,62.45492139,3.117069199
Japanese,20250515,sing,10,0.210895592,89.59646453,89.80736012,4.741682801
Japanese,20250515,sing,10,0.33299304,89.80736012,90.14035316,3.003065774
Japanese,20250515,sing,10,0.147996906,90.14035316,90.28835007,6.756897991
Japanese,20250515,sing,10,0.606787317,90.28835007,90.89513738,1.6480239
Japanese,20250515,sing,10,0.525389018,90.89513738,91.4205264,1.903351547
Japanese,20250515,sing,10,1.173215032,91.4205264,92.59374143,0.852358667
Japanese,20250515,sing,10,0.999148893,92.59374143,93.59289032,1.000851832
Japanese,20250515,sing,10,0.199795824,93.88518421,94.08498004,5.005109623