time,f0,language,location,group,gender,speaker,condition
0.2943310657596372,279.5939868358039,Mandarin,Auckland,C1,Female,20,conv
0.29931972789115646,273.20805135087915,Mandarin,Auckland,C1,Female,20,conv
0.30430839002267573,262.38162088748976,Mandarin,Auckland,C1,Female,20,conv
0.309297052154195,262.38162088748976,Mandarin,Auckland,C1,Female,20,conv
0.3142857142857143,263.9015821545788,Mandarin,Auckland,C1,Female,20,conv
0.31927437641723355,262.38162088748976,Mandarin,Auckland,C1,Female,20,conv
0.3242630385487528,262.38162088748976,Mandarin,Auckland,C1,Female,20,conv
0.3292517006802721,265.4303484677136,Mandarin,Auckland,C1,Female,20,conv
0.33424036281179137,265.4303484677136,Mandarin,Auckland,C1,Female,20,conv
0.33922902494331064,266.96797083400685,Mandarin,Auckland,C1,Female,20,conv
0.3442176870748299,266.96797083400685,Mandarin,Auckland,C1,Female,20,conv
0.3492063492063492,270.06998923363795,Mandarin,Auckland,C1,Female,20,conv
0.35419501133786846,270.06998923363795,Mandarin,Auckland,C1,Female,20,conv
0.35918367346938773,270.06998923363795,Mandarin,Auckland,C1,Female,20,conv
0.364172335600907,270.06998923363795,Mandarin,Auckland,C1,Female,20,conv
0.3691609977324263,271.6344887654643,Mandarin,Auckland,C1,Female,20,conv
0.3741496598639456,271.6344887654643,Mandarin,Auckland,C1,Female,20,conv
0.3791383219954649,271.6344887654643,Mandarin,Auckland,C1,Female,20,conv
0.38412698412698415,271.6344887654643,Mandarin,Auckland,C1,Female,20,conv
0.3891156462585034,270.06998923363795,Mandarin,Auckland,C1,Female,20,conv
0.3941043083900227,270.06998923363795,Mandarin,Auckland,C1,Female,20,conv
0.39909297052154197,270.06998923363795,Mandarin,Auckland,C1,Female,20,conv
0.40408163265306124,273.20805135087915,Mandarin,Auckland,C1,Female,20,conv
0.4090702947845805,273.20805135087915,Mandarin,Auckland,C1,Female,20,conv
0.4140589569160998,273.20805135087915,Mandarin,Auckland,C1,Female,20,conv
0.41904761904761906,274.79072949161787,Mandarin,Auckland,C1,Female,20,conv
0.42403628117913833,273.20805135087915,Mandarin,Auckland,C1,Female,20,conv
0.4290249433106576,271.6344887654643,Mandarin,Auckland,C1,Female,20,conv
0.4340136054421769,271.6344887654643,Mandarin,Auckland,C1,Female,20,conv
0.43900226757369615,270.06998923363795,Mandarin,Auckland,C1,Female,20,conv
0.4439909297052154,268.51450055605267,Mandarin,Auckland,C1,Female,20,conv
0.4489795918367347,266.96797083400685,Mandarin,Auckland,C1,Female,20,conv
0.45396825396825397,266.96797083400685,Mandarin,Auckland,C1,Female,20,conv
0.45895691609977324,265.4303484677136,Mandarin,Auckland,C1,Female,20,conv
0.4639455782312925,265.4303484677136,Mandarin,Auckland,C1,Female,20,conv
0.4689342403628118,265.4303484677136,Mandarin,Auckland,C1,Female,20,conv
0.47392290249433106,268.51450055605267,Mandarin,Auckland,C1,Female,20,conv
0.49387755102040815,266.96797083400685,Mandarin,Auckland,C1,Female,20,conv
0.4988662131519274,257.8740616879158,Mandarin,Auckland,C1,Female,20,conv
0.5038548752834467,256.3888163841458,Mandarin,Auckland,C1,Female,20,conv
0.508843537414966,254.91212546385245,Mandarin,Auckland,C1,Female,20,conv
0.5138321995464853,251.98420997897463,Mandarin,Auckland,C1,Female,20,conv
0.5188208616780046,249.08992447176465,Mandarin,Auckland,C1,Female,20,conv
0.5238095238095238,249.08992447176465,Mandarin,Auckland,C1,Female,20,conv
0.5287981859410431,247.65527207548806,Mandarin,Auckland,C1,Female,20,conv
0.5337868480725624,244.81070866093103,Mandarin,Auckland,C1,Female,20,conv
0.5387755102040817,243.40070273411817,Mandarin,Auckland,C1,Female,20,conv
0.5437641723356009,240.60500721642333,Mandarin,Auckland,C1,Female,20,conv
0.5487528344671202,239.21922434748075,Mandarin,Auckland,C1,Female,20,conv
0.5537414965986395,236.47155720542963,Mandarin,Auckland,C1,Female,20,conv
0.5587301587301587,235.10958125672175,Mandarin,Auckland,C1,Female,20,conv
0.563718820861678,233.75544971224912,Mandarin,Auckland,C1,Female,20,conv
0.5687074829931973,233.75544971224912,Mandarin,Auckland,C1,Female,20,conv
0.5736961451247166,233.75544971224912,Mandarin,Auckland,C1,Female,20,conv
0.5786848072562358,235.10958125672175,Mandarin,Auckland,C1,Female,20,conv
0.5836734693877551,232.40911739156792,Mandarin,Auckland,C1,Female,20,conv
0.5886621315192744,229.73967099940702,Mandarin,Auckland,C1,Female,20,conv
0.5936507936507937,227.10088581417543,Mandarin,Auckland,C1,Female,20,conv
0.5986394557823129,224.49240966187455,Mandarin,Auckland,C1,Female,20,conv
0.6036281179138322,223.1994285260446,Mandarin,Auckland,C1,Female,20,conv
0.6086167800453515,221.91389441356898,Mandarin,Auckland,C1,Female,20,conv
0.6136054421768707,220.63576443274928,Mandarin,Auckland,C1,Female,20,conv
0.61859410430839,220.63576443274928,Mandarin,Auckland,C1,Female,20,conv
0.6235827664399093,220.63576443274928,Mandarin,Auckland,C1,Female,20,conv
0.6285714285714286,219.36499593892518,Mandarin,Auckland,C1,Female,20,conv
0.6335600907029478,219.36499593892518,Mandarin,Auckland,C1,Female,20,conv
0.6385487528344671,219.36499593892518,Mandarin,Auckland,C1,Female,20,conv
0.6435374149659864,218.10154653305153,Mandarin,Auckland,C1,Female,20,conv
0.6485260770975056,218.10154653305153,Mandarin,Auckland,C1,Female,20,conv
0.6535147392290249,218.10154653305153,Mandarin,Auckland,C1,Female,20,conv
0.6585034013605442,218.10154653305153,Mandarin,Auckland,C1,Female,20,conv
0.6634920634920635,218.10154653305153,Mandarin,Auckland,C1,Female,20,conv
0.6684807256235827,218.10154653305153,Mandarin,Auckland,C1,Female,20,conv
0.673469387755102,218.10154653305153,Mandarin,Auckland,C1,Female,20,conv
0.6784580498866213,218.10154653305153,Mandarin,Auckland,C1,Female,20,conv
0.6834467120181406,218.10154653305153,Mandarin,Auckland,C1,Female,20,conv
0.6884353741496598,218.10154653305153,Mandarin,Auckland,C1,Female,20,conv
0.6934240362811791,218.10154653305153,Mandarin,Auckland,C1,Female,20,conv
0.6984126984126984,219.36499593892518,Mandarin,Auckland,C1,Female,20,conv
0.7034013605442176,219.36499593892518,Mandarin,Auckland,C1,Female,20,conv
0.7083900226757369,220.63576443274928,Mandarin,Auckland,C1,Female,20,conv
0.7133786848072562,220.63576443274928,Mandarin,Auckland,C1,Female,20,conv
0.7183673469387755,220.63576443274928,Mandarin,Auckland,C1,Female,20,conv
0.7233560090702947,221.91389441356898,Mandarin,Auckland,C1,Female,20,conv
0.728344671201814,221.91389441356898,Mandarin,Auckland,C1,Female,20,conv
0.7333333333333333,221.91389441356898,Mandarin,Auckland,C1,Female,20,conv
0.7383219954648526,221.91389441356898,Mandarin,Auckland,C1,Female,20,conv
0.7433106575963719,221.91389441356898,Mandarin,Auckland,C1,Female,20,conv
0.7482993197278912,221.91389441356898,Mandarin,Auckland,C1,Female,20,conv
0.7532879818594105,221.91389441356898,Mandarin,Auckland,C1,Female,20,conv
0.7582766439909298,221.91389441356898,Mandarin,Auckland,C1,Female,20,conv
0.763265306122449,221.91389441356898,Mandarin,Auckland,C1,Female,20,conv
0.7682539682539683,221.91389441356898,Mandarin,Auckland,C1,Female,20,conv
0.7732426303854876,221.91389441356898,Mandarin,Auckland,C1,Female,20,conv
0.7782312925170068,223.1994285260446,Mandarin,Auckland,C1,Female,20,conv
0.7832199546485261,224.49240966187455,Mandarin,Auckland,C1,Female,20,conv
0.7882086167800454,225.79288096122622,Mandarin,Auckland,C1,Female,20,conv
0.7931972789115647,228.41646786215435,Mandarin,Auckland,C1,Female,20,conv
0.7981859410430839,228.41646786215435,Mandarin,Auckland,C1,Female,20,conv
0.8031746031746032,228.41646786215435,Mandarin,Auckland,C1,Female,20,conv
0.8081632653061225,228.41646786215435,Mandarin,Auckland,C1,Female,20,conv
0.8131519274376418,227.10088581417543,Mandarin,Auckland,C1,Female,20,conv
0.818140589569161,228.41646786215435,Mandarin,Auckland,C1,Female,20,conv
0.8231292517006803,228.41646786215435,Mandarin,Auckland,C1,Female,20,conv
0.9977324263038548,241.99881784385852,Mandarin,Auckland,C1,Female,20,conv
1.002721088435374,237.8414230005442,Mandarin,Auckland,C1,Female,20,conv
1.0077097505668935,235.10958125672175,Mandarin,Auckland,C1,Female,20,conv
1.0126984126984127,235.10958125672175,Mandarin,Auckland,C1,Female,20,conv
1.017687074829932,233.75544971224912,Mandarin,Auckland,C1,Female,20,conv
1.0226757369614512,233.75544971224912,Mandarin,Auckland,C1,Female,20,conv
1.0276643990929706,233.75544971224912,Mandarin,Auckland,C1,Female,20,conv
1.0326530612244897,232.40911739156792,Mandarin,Auckland,C1,Female,20,conv
1.0376417233560091,231.07053937445463,Mandarin,Auckland,C1,Female,20,conv
1.0426303854875283,227.10088581417543,Mandarin,Auckland,C1,Female,20,conv
1.0476190476190477,225.79288096122622,Mandarin,Auckland,C1,Female,20,conv
1.0526077097505668,227.10088581417543,Mandarin,Auckland,C1,Female,20,conv
1.0575963718820862,221.91389441356898,Mandarin,Auckland,C1,Female,20,conv
1.5714285714285714,235.10958125672175,Mandarin,Auckland,C1,Female,20,conv
1.5764172335600908,233.75544971224912,Mandarin,Auckland,C1,Female,20,conv
1.58140589569161,232.40911739156792,Mandarin,Auckland,C1,Female,20,conv
1.5863945578231293,231.07053937445463,Mandarin,Auckland,C1,Female,20,conv
1.5913832199546485,231.07053937445463,Mandarin,Auckland,C1,Female,20,conv
1.5963718820861679,231.07053937445463,Mandarin,Auckland,C1,Female,20,conv
1.601360544217687,232.40911739156792,Mandarin,Auckland,C1,Female,20,conv
1.6063492063492064,233.75544971224912,Mandarin,Auckland,C1,Female,20,conv
1.6113378684807256,235.10958125672175,Mandarin,Auckland,C1,Female,20,conv
1.616326530612245,237.8414230005442,Mandarin,Auckland,C1,Female,20,conv
1.6213151927437641,239.21922434748075,Mandarin,Auckland,C1,Female,20,conv
1.6263038548752835,241.99881784385852,Mandarin,Auckland,C1,Female,20,conv
1.6312925170068027,244.81070866093103,Mandarin,Auckland,C1,Female,20,conv
1.636281179138322,247.65527207548806,Mandarin,Auckland,C1,Female,20,conv
1.6412698412698412,250.53288772482563,Mandarin,Auckland,C1,Female,20,conv
1.6462585034013606,251.98420997897463,Mandarin,Auckland,C1,Female,20,conv
1.6512471655328798,253.44393965741244,Mandarin,Auckland,C1,Female,20,conv
1.6562358276643991,254.91212546385245,Mandarin,Auckland,C1,Female,20,conv
1.6612244897959183,254.91212546385245,Mandarin,Auckland,C1,Female,20,conv
1.6662131519274377,256.3888163841458,Mandarin,Auckland,C1,Female,20,conv
1.6712018140589568,257.8740616879158,Mandarin,Auckland,C1,Female,20,conv
1.6761904761904762,257.8740616879158,Mandarin,Auckland,C1,Female,20,conv
1.6811791383219954,257.8740616879158,Mandarin,Auckland,C1,Female,20,conv
1.6861678004535148,256.3888163841458,Mandarin,Auckland,C1,Female,20,conv
1.691156462585034,254.91212546385245,Mandarin,Auckland,C1,Female,20,conv
1.6961451247165533,253.44393965741244,Mandarin,Auckland,C1,Female,20,conv
1.7011337868480725,253.44393965741244,Mandarin,Auckland,C1,Female,20,conv
1.7061224489795919,253.44393965741244,Mandarin,Auckland,C1,Female,20,conv
1.711111111111111,253.44393965741244,Mandarin,Auckland,C1,Female,20,conv
1.7160997732426304,253.44393965741244,Mandarin,Auckland,C1,Female,20,conv
1.7210884353741496,253.44393965741244,Mandarin,Auckland,C1,Female,20,conv
1.726077097505669,257.8740616879158,Mandarin,Auckland,C1,Female,20,conv
1.7310657596371881,254.91212546385245,Mandarin,Auckland,C1,Female,20,conv
1.7360544217687075,254.91212546385245,Mandarin,Auckland,C1,Female,20,conv
1.7410430839002267,259.3679109302019,Mandarin,Auckland,C1,Female,20,conv
1.746031746031746,268.51450055605267,Mandarin,Auckland,C1,Female,20,conv
1.7510204081632652,265.4303484677136,Mandarin,Auckland,C1,Female,20,conv
1.7560090702947846,262.38162088748976,Mandarin,Auckland,C1,Female,20,conv
1.7609977324263038,262.38162088748976,Mandarin,Auckland,C1,Female,20,conv
1.7659863945578231,259.3679109302019,Mandarin,Auckland,C1,Female,20,conv
1.7709750566893423,257.8740616879158,Mandarin,Auckland,C1,Female,20,conv
1.7759637188208617,256.3888163841458,Mandarin,Auckland,C1,Female,20,conv
1.7809523809523808,256.3888163841458,Mandarin,Auckland,C1,Female,20,conv
1.7859410430839002,253.44393965741244,Mandarin,Auckland,C1,Female,20,conv
1.7909297052154196,250.53288772482563,Mandarin,Auckland,C1,Female,20,conv
1.7959183673469388,247.65527207548806,Mandarin,Auckland,C1,Female,20,conv
1.8009070294784582,244.81070866093103,Mandarin,Auckland,C1,Female,20,conv
1.8058956916099773,240.60500721642333,Mandarin,Auckland,C1,Female,20,conv
1.8108843537414967,237.8414230005442,Mandarin,Auckland,C1,Female,20,conv
1.8158730158730159,236.47155720542963,Mandarin,Auckland,C1,Female,20,conv
1.8208616780045352,235.10958125672175,Mandarin,Auckland,C1,Female,20,conv
1.8258503401360544,236.47155720542963,Mandarin,Auckland,C1,Female,20,conv
1.8308390022675738,235.10958125672175,Mandarin,Auckland,C1,Female,20,conv
1.835827664399093,235.10958125672175,Mandarin,Auckland,C1,Female,20,conv
1.8408163265306123,235.10958125672175,Mandarin,Auckland,C1,Female,20,conv
1.8458049886621315,233.75544971224912,Mandarin,Auckland,C1,Female,20,conv
1.8507936507936509,235.10958125672175,Mandarin,Auckland,C1,Female,20,conv
1.85578231292517,235.10958125672175,Mandarin,Auckland,C1,Female,20,conv
1.8607709750566894,235.10958125672175,Mandarin,Auckland,C1,Female,20,conv
1.8657596371882086,233.75544971224912,Mandarin,Auckland,C1,Female,20,conv
1.870748299319728,233.75544971224912,Mandarin,Auckland,C1,Female,20,conv
1.8757369614512471,233.75544971224912,Mandarin,Auckland,C1,Female,20,conv
1.8807256235827665,235.10958125672175,Mandarin,Auckland,C1,Female,20,conv
1.8857142857142857,236.47155720542963,Mandarin,Auckland,C1,Female,20,conv
1.890702947845805,236.47155720542963,Mandarin,Auckland,C1,Female,20,conv
1.8956916099773242,236.47155720542963,Mandarin,Auckland,C1,Female,20,conv
1.9006802721088436,236.47155720542963,Mandarin,Auckland,C1,Female,20,conv
1.9056689342403628,237.8414230005442,Mandarin,Auckland,C1,Female,20,conv
1.9106575963718821,237.8414230005442,Mandarin,Auckland,C1,Female,20,conv
1.9156462585034013,239.21922434748075,Mandarin,Auckland,C1,Female,20,conv
1.9206349206349207,240.60500721642333,Mandarin,Auckland,C1,Female,20,conv
1.9256235827664399,240.60500721642333,Mandarin,Auckland,C1,Female,20,conv
1.9306122448979592,241.99881784385852,Mandarin,Auckland,C1,Female,20,conv
1.9356009070294784,246.2288826689832,Mandarin,Auckland,C1,Female,20,conv
1.9405895691609978,247.65527207548806,Mandarin,Auckland,C1,Female,20,conv
1.945578231292517,249.08992447176465,Mandarin,Auckland,C1,Female,20,conv
1.9505668934240363,250.53288772482563,Mandarin,Auckland,C1,Female,20,conv
1.9555555555555555,250.53288772482563,Mandarin,Auckland,C1,Female,20,conv
1.9605442176870749,251.98420997897463,Mandarin,Auckland,C1,Female,20,conv
1.965532879818594,251.98420997897463,Mandarin,Auckland,C1,Female,20,conv
1.9705215419501134,251.98420997897463,Mandarin,Auckland,C1,Female,20,conv
1.9755102040816326,253.44393965741244,Mandarin,Auckland,C1,Female,20,conv
1.980498866213152,251.98420997897463,Mandarin,Auckland,C1,Female,20,conv
1.9854875283446711,251.98420997897463,Mandarin,Auckland,C1,Female,20,conv
1.9904761904761905,251.98420997897463,Mandarin,Auckland,C1,Female,20,conv
1.9954648526077097,251.98420997897463,Mandarin,Auckland,C1,Female,20,conv
2.000453514739229,251.98420997897463,Mandarin,Auckland,C1,Female,20,conv
2.005442176870748,251.98420997897463,Mandarin,Auckland,C1,Female,20,conv
2.0104308390022676,250.53288772482563,Mandarin,Auckland,C1,Female,20,conv
2.015419501133787,250.53288772482563,Mandarin,Auckland,C1,Female,20,conv
2.020408163265306,249.08992447176465,Mandarin,Auckland,C1,Female,20,conv
2.0253968253968253,249.08992447176465,Mandarin,Auckland,C1,Female,20,conv
2.0303854875283447,249.08992447176465,Mandarin,Auckland,C1,Female,20,conv
2.035374149659864,249.08992447176465,Mandarin,Auckland,C1,Female,20,conv
2.040362811791383,251.98420997897463,Mandarin,Auckland,C1,Female,20,conv
2.0453514739229024,249.08992447176465,Mandarin,Auckland,C1,Female,20,conv
2.050340136054422,247.65527207548806,Mandarin,Auckland,C1,Female,20,conv
2.055328798185941,247.65527207548806,Mandarin,Auckland,C1,Female,20,conv
2.06031746031746,247.65527207548806,Mandarin,Auckland,C1,Female,20,conv
2.0653061224489795,247.65527207548806,Mandarin,Auckland,C1,Female,20,conv
2.070294784580499,249.08992447176465,Mandarin,Auckland,C1,Female,20,conv
2.0752834467120183,247.65527207548806,Mandarin,Auckland,C1,Female,20,conv
2.080272108843537,247.65527207548806,Mandarin,Auckland,C1,Female,20,conv
2.0852607709750566,249.08992447176465,Mandarin,Auckland,C1,Female,20,conv
2.1900226757369614,254.91212546385245,Mandarin,Auckland,C1,Female,20,conv
2.195011337868481,254.91212546385245,Mandarin,Auckland,C1,Female,20,conv
2.2,254.91212546385245,Mandarin,Auckland,C1,Female,20,conv
2.204988662131519,250.53288772482563,Mandarin,Auckland,C1,Female,20,conv
2.2099773242630385,249.08992447176465,Mandarin,Auckland,C1,Female,20,conv
2.214965986394558,249.08992447176465,Mandarin,Auckland,C1,Female,20,conv
2.2199546485260773,247.65527207548806,Mandarin,Auckland,C1,Female,20,conv
2.224943310657596,244.81070866093103,Mandarin,Auckland,C1,Female,20,conv
2.2299319727891156,243.40070273411817,Mandarin,Auckland,C1,Female,20,conv
2.234920634920635,243.40070273411817,Mandarin,Auckland,C1,Female,20,conv
2.2399092970521544,239.21922434748075,Mandarin,Auckland,C1,Female,20,conv
2.2448979591836733,236.47155720542963,Mandarin,Auckland,C1,Female,20,conv
2.2498866213151927,235.10958125672175,Mandarin,Auckland,C1,Female,20,conv
2.254875283446712,233.75544971224912,Mandarin,Auckland,C1,Female,20,conv
2.2598639455782314,233.75544971224912,Mandarin,Auckland,C1,Female,20,conv
2.2648526077097504,232.40911739156792,Mandarin,Auckland,C1,Female,20,conv
2.2698412698412698,232.40911739156792,Mandarin,Auckland,C1,Female,20,conv
2.274829931972789,231.07053937445463,Mandarin,Auckland,C1,Female,20,conv
2.2798185941043085,229.73967099940702,Mandarin,Auckland,C1,Female,20,conv
2.2848072562358275,229.73967099940702,Mandarin,Auckland,C1,Female,20,conv
2.289795918367347,228.41646786215435,Mandarin,Auckland,C1,Female,20,conv
2.2947845804988662,228.41646786215435,Mandarin,Auckland,C1,Female,20,conv
2.2997732426303856,227.10088581417543,Mandarin,Auckland,C1,Female,20,conv
2.3047619047619046,224.49240966187455,Mandarin,Auckland,C1,Female,20,conv
2.309750566893424,223.1994285260446,Mandarin,Auckland,C1,Female,20,conv
2.3147392290249433,223.1994285260446,Mandarin,Auckland,C1,Female,20,conv
2.3197278911564627,223.1994285260446,Mandarin,Auckland,C1,Female,20,conv
2.3247165532879817,223.1994285260446,Mandarin,Auckland,C1,Female,20,conv
2.329705215419501,223.1994285260446,Mandarin,Auckland,C1,Female,20,conv
2.3346938775510204,213.12010032569688,Mandarin,Auckland,C1,Female,20,conv
2.33968253968254,216.8453740602837,Mandarin,Auckland,C1,Female,20,conv
2.3446712018140587,216.8453740602837,Mandarin,Auckland,C1,Female,20,conv
2.349659863945578,215.59643660857103,Mandarin,Auckland,C1,Female,20,conv
2.3546485260770975,211.89261887185907,Mandarin,Auckland,C1,Female,20,conv
2.359637188208617,208.25243050696125,Mandarin,Auckland,C1,Female,20,conv
2.364625850340136,207.05298476827548,Mandarin,Auckland,C1,Female,20,conv
2.369614512471655,205.86044732869837,Mandarin,Auckland,C1,Female,20,conv
2.3746031746031746,205.86044732869837,Mandarin,Auckland,C1,Female,20,conv
2.379591836734694,205.86044732869837,Mandarin,Auckland,C1,Female,20,conv
2.3845804988662134,204.67477839935495,Mandarin,Auckland,C1,Female,20,conv
2.3895691609977323,203.49593842053727,Mandarin,Auckland,C1,Female,20,conv
2.3945578231292517,202.3238880603845,Mandarin,Auckland,C1,Female,20,conv
2.399546485260771,202.3238880603845,Mandarin,Auckland,C1,Female,20,conv
2.4045351473922905,201.15858821357068,Mandarin,Auckland,C1,Female,20,conv
2.4095238095238094,200.0,Mandarin,Auckland,C1,Female,20,conv
2.414512471655329,198.8480847635095,Mandarin,Auckland,C1,Female,20,conv
2.419501133786848,196.56411970905023,Mandarin,Auckland,C1,Female,20,conv
2.4244897959183676,195.4319936868492,Mandarin,Auckland,C1,Female,20,conv
2.4294784580498865,196.56411970905023,Mandarin,Auckland,C1,Female,20,conv
2.434467120181406,197.70280407057922,Mandarin,Auckland,C1,Female,20,conv
2.4394557823129253,198.8480847635095,Mandarin,Auckland,C1,Female,20,conv
2.4444444444444446,200.0,Mandarin,Auckland,C1,Female,20,conv
2.4494331065759636,200.0,Mandarin,Auckland,C1,Female,20,conv
2.454421768707483,200.0,Mandarin,Auckland,C1,Female,20,conv
2.4594104308390023,200.0,Mandarin,Auckland,C1,Female,20,conv
2.4643990929705217,200.0,Mandarin,Auckland,C1,Female,20,conv
2.4693877551020407,198.8480847635095,Mandarin,Auckland,C1,Female,20,conv
2.47437641723356,198.8480847635095,Mandarin,Auckland,C1,Female,20,conv
2.4793650793650794,200.0,Mandarin,Auckland,C1,Female,20,conv
2.484353741496599,198.8480847635095,Mandarin,Auckland,C1,Female,20,conv
2.4893424036281178,198.8480847635095,Mandarin,Auckland,C1,Female,20,conv
2.494331065759637,198.8480847635095,Mandarin,Auckland,C1,Female,20,conv
2.4993197278911565,200.0,Mandarin,Auckland,C1,Female,20,conv
2.504308390022676,200.0,Mandarin,Auckland,C1,Female,20,conv
2.509297052154195,201.15858821357068,Mandarin,Auckland,C1,Female,20,conv
2.5142857142857142,202.3238880603845,Mandarin,Auckland,C1,Female,20,conv
2.5192743764172336,204.67477839935495,Mandarin,Auckland,C1,Female,20,conv
2.524263038548753,207.05298476827548,Mandarin,Auckland,C1,Female,20,conv
2.529251700680272,209.4588245641254,Mandarin,Auckland,C1,Female,20,conv
2.5342403628117913,213.12010032569688,Mandarin,Auckland,C1,Female,20,conv
2.5392290249433107,218.10154653305153,Mandarin,Auckland,C1,Female,20,conv
2.54421768707483,221.91389441356898,Mandarin,Auckland,C1,Female,20,conv
2.549206349206349,225.79288096122622,Mandarin,Auckland,C1,Female,20,conv
2.5541950113378684,229.73967099940702,Mandarin,Auckland,C1,Female,20,conv
2.559183673469388,231.07053937445463,Mandarin,Auckland,C1,Female,20,conv
2.564172335600907,235.10958125672175,Mandarin,Auckland,C1,Female,20,conv
2.569160997732426,235.10958125672175,Mandarin,Auckland,C1,Female,20,conv
2.5741496598639455,233.75544971224912,Mandarin,Auckland,C1,Female,20,conv
2.579138321995465,233.75544971224912,Mandarin,Auckland,C1,Female,20,conv
2.5841269841269843,233.75544971224912,Mandarin,Auckland,C1,Female,20,conv
2.589115646258503,231.07053937445463,Mandarin,Auckland,C1,Female,20,conv
2.5941043083900226,229.73967099940702,Mandarin,Auckland,C1,Female,20,conv
2.599092970521542,225.79288096122622,Mandarin,Auckland,C1,Female,20,conv
2.6040816326530614,223.1994285260446,Mandarin,Auckland,C1,Female,20,conv
2.6090702947845803,220.63576443274928,Mandarin,Auckland,C1,Female,20,conv
2.6140589569160997,224.49240966187455,Mandarin,Auckland,C1,Female,20,conv
2.619047619047619,229.73967099940702,Mandarin,Auckland,C1,Female,20,conv
2.6240362811791385,229.73967099940702,Mandarin,Auckland,C1,Female,20,conv
2.6290249433106574,235.10958125672175,Mandarin,Auckland,C1,Female,20,conv
2.6340136054421768,236.47155720542963,Mandarin,Auckland,C1,Female,20,conv
2.639002267573696,239.21922434748075,Mandarin,Auckland,C1,Female,20,conv
2.6439909297052155,251.98420997897463,Mandarin,Auckland,C1,Female,20,conv
2.6489795918367345,256.3888163841458,Mandarin,Auckland,C1,Female,20,conv
2.653968253968254,262.38162088748976,Mandarin,Auckland,C1,Female,20,conv
2.6589569160997732,262.38162088748976,Mandarin,Auckland,C1,Female,20,conv
2.6639455782312926,256.3888163841458,Mandarin,Auckland,C1,Female,20,conv
2.6689342403628116,254.91212546385245,Mandarin,Auckland,C1,Female,20,conv
2.673922902494331,253.44393965741244,Mandarin,Auckland,C1,Female,20,conv
2.6789115646258503,251.98420997897463,Mandarin,Auckland,C1,Female,20,conv
2.6839002267573697,250.53288772482563,Mandarin,Auckland,C1,Female,20,conv
2.688888888888889,249.08992447176465,Mandarin,Auckland,C1,Female,20,conv
2.693877551020408,249.08992447176465,Mandarin,Auckland,C1,Female,20,conv
2.6988662131519274,247.65527207548806,Mandarin,Auckland,C1,Female,20,conv
2.703854875283447,247.65527207548806,Mandarin,Auckland,C1,Female,20,conv
2.708843537414966,246.2288826689832,Mandarin,Auckland,C1,Female,20,conv
2.713832199546485,244.81070866093103,Mandarin,Auckland,C1,Female,20,conv
2.7188208616780045,243.40070273411817,Mandarin,Auckland,C1,Female,20,conv
2.723809523809524,241.99881784385852,Mandarin,Auckland,C1,Female,20,conv
2.7287981859410433,241.99881784385852,Mandarin,Auckland,C1,Female,20,conv
2.7337868480725622,239.21922434748075,Mandarin,Auckland,C1,Female,20,conv
2.7387755102040816,237.8414230005442,Mandarin,Auckland,C1,Female,20,conv
2.743764172335601,236.47155720542963,Mandarin,Auckland,C1,Female,20,conv
2.7487528344671204,235.10958125672175,Mandarin,Auckland,C1,Female,20,conv
2.7537414965986393,233.75544971224912,Mandarin,Auckland,C1,Female,20,conv
2.7587301587301587,232.40911739156792,Mandarin,Auckland,C1,Female,20,conv
2.763718820861678,232.40911739156792,Mandarin,Auckland,C1,Female,20,conv
2.7687074829931975,231.07053937445463,Mandarin,Auckland,C1,Female,20,conv
2.7736961451247164,229.73967099940702,Mandarin,Auckland,C1,Female,20,conv
2.778684807256236,229.73967099940702,Mandarin,Auckland,C1,Female,20,conv
2.783673469387755,228.41646786215435,Mandarin,Auckland,C1,Female,20,conv
2.7886621315192746,227.10088581417543,Mandarin,Auckland,C1,Female,20,conv
2.7936507936507935,224.49240966187455,Mandarin,Auckland,C1,Female,20,conv
2.798639455782313,221.91389441356898,Mandarin,Auckland,C1,Female,20,conv
2.8036281179138323,219.36499593892518,Mandarin,Auckland,C1,Female,20,conv
2.8086167800453516,219.36499593892518,Mandarin,Auckland,C1,Female,20,conv
2.8136054421768706,219.36499593892518,Mandarin,Auckland,C1,Female,20,conv
2.9383219954648525,214.35469250725862,Mandarin,Auckland,C1,Female,20,conv
2.943310657596372,215.59643660857103,Mandarin,Auckland,C1,Female,20,conv
2.9482993197278913,210.67220719096719,Mandarin,Auckland,C1,Female,20,conv
2.95328798185941,208.25243050696125,Mandarin,Auckland,C1,Female,20,conv
2.9582766439909296,210.67220719096719,Mandarin,Auckland,C1,Female,20,conv
2.963265306122449,204.67477839935495,Mandarin,Auckland,C1,Female,20,conv
2.9682539682539684,202.3238880603845,Mandarin,Auckland,C1,Female,20,conv
3.078004535147392,201.15858821357068,Mandarin,Auckland,C1,Female,20,conv
3.0829931972789115,202.3238880603845,Mandarin,Auckland,C1,Female,20,conv
3.087981859410431,202.3238880603845,Mandarin,Auckland,C1,Female,20,conv
3.0929705215419503,202.3238880603845,Mandarin,Auckland,C1,Female,20,conv
3.0979591836734692,202.3238880603845,Mandarin,Auckland,C1,Female,20,conv
3.1029478458049886,202.3238880603845,Mandarin,Auckland,C1,Female,20,conv
3.107936507936508,202.3238880603845,Mandarin,Auckland,C1,Female,20,conv
3.1129251700680274,204.67477839935495,Mandarin,Auckland,C1,Female,20,conv
3.1179138321995463,205.86044732869837,Mandarin,Auckland,C1,Female,20,conv
3.1229024943310657,207.05298476827548,Mandarin,Auckland,C1,Female,20,conv
3.127891156462585,208.25243050696125,Mandarin,Auckland,C1,Female,20,conv
3.1328798185941045,208.25243050696125,Mandarin,Auckland,C1,Female,20,conv
3.1378684807256234,211.89261887185907,Mandarin,Auckland,C1,Female,20,conv
3.142857142857143,207.05298476827548,Mandarin,Auckland,C1,Female,20,conv
3.492063492063492,229.73967099940702,Mandarin,Auckland,C1,Female,20,conv
3.4970521541950115,231.07053937445463,Mandarin,Auckland,C1,Female,20,conv
3.5020408163265304,232.40911739156792,Mandarin,Auckland,C1,Female,20,conv
3.50702947845805,232.40911739156792,Mandarin,Auckland,C1,Female,20,conv
3.512018140589569,233.75544971224912,Mandarin,Auckland,C1,Female,20,conv
3.5170068027210886,233.75544971224912,Mandarin,Auckland,C1,Female,20,conv
3.5219954648526075,235.10958125672175,Mandarin,Auckland,C1,Female,20,conv
3.526984126984127,236.47155720542963,Mandarin,Auckland,C1,Female,20,conv
3.5319727891156463,236.47155720542963,Mandarin,Auckland,C1,Female,20,conv
3.5369614512471657,237.8414230005442,Mandarin,Auckland,C1,Female,20,conv
3.5419501133786846,239.21922434748075,Mandarin,Auckland,C1,Female,20,conv
3.546938775510204,239.21922434748075,Mandarin,Auckland,C1,Female,20,conv
3.5519274376417234,239.21922434748075,Mandarin,Auckland,C1,Female,20,conv
3.5569160997732427,240.60500721642333,Mandarin,Auckland,C1,Female,20,conv
3.5619047619047617,241.99881784385852,Mandarin,Auckland,C1,Female,20,conv
3.566893424036281,241.99881784385852,Mandarin,Auckland,C1,Female,20,conv
3.5718820861678005,241.99881784385852,Mandarin,Auckland,C1,Female,20,conv
3.57687074829932,243.40070273411817,Mandarin,Auckland,C1,Female,20,conv
3.581859410430839,243.40070273411817,Mandarin,Auckland,C1,Female,20,conv
3.586848072562358,243.40070273411817,Mandarin,Auckland,C1,Female,20,conv
3.5918367346938775,243.40070273411817,Mandarin,Auckland,C1,Female,20,conv
3.596825396825397,243.40070273411817,Mandarin,Auckland,C1,Female,20,conv
3.6018140589569163,243.40070273411817,Mandarin,Auckland,C1,Female,20,conv
3.6068027210884352,243.40070273411817,Mandarin,Auckland,C1,Female,20,conv
3.6117913832199546,244.81070866093103,Mandarin,Auckland,C1,Female,20,conv
3.616780045351474,243.40070273411817,Mandarin,Auckland,C1,Female,20,conv
3.6217687074829934,243.40070273411817,Mandarin,Auckland,C1,Female,20,conv
3.6267573696145123,243.40070273411817,Mandarin,Auckland,C1,Female,20,conv
3.6317460317460317,241.99881784385852,Mandarin,Auckland,C1,Female,20,conv
3.636734693877551,241.99881784385852,Mandarin,Auckland,C1,Female,20,conv
3.6417233560090705,240.60500721642333,Mandarin,Auckland,C1,Female,20,conv
3.6467120181405894,239.21922434748075,Mandarin,Auckland,C1,Female,20,conv
3.651700680272109,237.8414230005442,Mandarin,Auckland,C1,Female,20,conv
3.656689342403628,236.47155720542963,Mandarin,Auckland,C1,Female,20,conv
3.6616780045351476,235.10958125672175,Mandarin,Auckland,C1,Female,20,conv
3.6666666666666665,232.40911739156792,Mandarin,Auckland,C1,Female,20,conv
3.671655328798186,232.40911739156792,Mandarin,Auckland,C1,Female,20,conv
3.6766439909297053,231.07053937445463,Mandarin,Auckland,C1,Female,20,conv
3.6816326530612247,229.73967099940702,Mandarin,Auckland,C1,Female,20,conv
3.6866213151927436,227.10088581417543,Mandarin,Auckland,C1,Female,20,conv
3.691609977324263,227.10088581417543,Mandarin,Auckland,C1,Female,20,conv
3.6965986394557824,225.79288096122622,Mandarin,Auckland,C1,Female,20,conv
3.7015873015873018,224.49240966187455,Mandarin,Auckland,C1,Female,20,conv
3.7065759637188207,224.49240966187455,Mandarin,Auckland,C1,Female,20,conv
3.71156462585034,223.1994285260446,Mandarin,Auckland,C1,Female,20,conv
3.7165532879818595,224.49240966187455,Mandarin,Auckland,C1,Female,20,conv
3.721541950113379,227.10088581417543,Mandarin,Auckland,C1,Female,20,conv
3.726530612244898,236.47155720542963,Mandarin,Auckland,C1,Female,20,conv
3.796371882086168,208.25243050696125,Mandarin,Auckland,C1,Female,20,conv
3.801360544217687,205.86044732869837,Mandarin,Auckland,C1,Female,20,conv
3.806349206349206,205.86044732869837,Mandarin,Auckland,C1,Female,20,conv
3.8113378684807255,209.4588245641254,Mandarin,Auckland,C1,Female,20,conv
3.816326530612245,204.67477839935495,Mandarin,Auckland,C1,Female,20,conv
3.8213151927437643,207.05298476827548,Mandarin,Auckland,C1,Female,20,conv
3.8263038548752832,205.86044732869837,Mandarin,Auckland,C1,Female,20,conv
3.8312925170068026,215.59643660857103,Mandarin,Auckland,C1,Female,20,conv
3.836281179138322,215.59643660857103,Mandarin,Auckland,C1,Female,20,conv
3.8412698412698414,215.59643660857103,Mandarin,Auckland,C1,Female,20,conv
3.8462585034013603,215.59643660857103,Mandarin,Auckland,C1,Female,20,conv
3.8512471655328797,216.8453740602837,Mandarin,Auckland,C1,Female,20,conv
3.856235827664399,216.8453740602837,Mandarin,Auckland,C1,Female,20,conv
3.8612244897959185,229.73967099940702,Mandarin,Auckland,C1,Female,20,conv
3.886167800453515,239.21922434748075,Mandarin,Auckland,C1,Female,20,conv
3.891156462585034,236.47155720542963,Mandarin,Auckland,C1,Female,20,conv
3.8961451247165533,239.21922434748075,Mandarin,Auckland,C1,Female,20,conv
3.9011337868480727,236.47155720542963,Mandarin,Auckland,C1,Female,20,conv
3.906122448979592,239.21922434748075,Mandarin,Auckland,C1,Female,20,conv
3.911111111111111,235.10958125672175,Mandarin,Auckland,C1,Female,20,conv
3.9160997732426304,231.07053937445463,Mandarin,Auckland,C1,Female,20,conv
3.926077097505669,218.10154653305153,Mandarin,Auckland,C1,Female,20,conv
3.931065759637188,209.4588245641254,Mandarin,Auckland,C1,Female,20,conv
3.9360544217687075,208.25243050696125,Mandarin,Auckland,C1,Female,20,conv
3.941043083900227,207.05298476827548,Mandarin,Auckland,C1,Female,20,conv
3.9460317460317462,208.25243050696125,Mandarin,Auckland,C1,Female,20,conv
3.951020408163265,207.05298476827548,Mandarin,Auckland,C1,Female,20,conv
3.9560090702947845,207.05298476827548,Mandarin,Auckland,C1,Female,20,conv
3.960997732426304,207.05298476827548,Mandarin,Auckland,C1,Female,20,conv
3.9659863945578233,208.25243050696125,Mandarin,Auckland,C1,Female,20,conv
3.9709750566893423,208.25243050696125,Mandarin,Auckland,C1,Female,20,conv
3.9759637188208616,208.25243050696125,Mandarin,Auckland,C1,Female,20,conv
3.980952380952381,208.25243050696125,Mandarin,Auckland,C1,Female,20,conv
3.9859410430839004,208.25243050696125,Mandarin,Auckland,C1,Female,20,conv
3.9909297052154193,208.25243050696125,Mandarin,Auckland,C1,Female,20,conv
3.9959183673469387,208.25243050696125,Mandarin,Auckland,C1,Female,20,conv
4.000907029478458,208.25243050696125,Mandarin,Auckland,C1,Female,20,conv
4.005895691609977,208.25243050696125,Mandarin,Auckland,C1,Female,20,conv
4.010884353741496,207.05298476827548,Mandarin,Auckland,C1,Female,20,conv
4.015873015873016,207.05298476827548,Mandarin,Auckland,C1,Female,20,conv
4.020861678004535,207.05298476827548,Mandarin,Auckland,C1,Female,20,conv
4.025850340136055,205.86044732869837,Mandarin,Auckland,C1,Female,20,conv
4.030839002267574,204.67477839935495,Mandarin,Auckland,C1,Female,20,conv
4.035827664399093,203.49593842053727,Mandarin,Auckland,C1,Female,20,conv
4.040816326530612,203.49593842053727,Mandarin,Auckland,C1,Female,20,conv
4.045804988662131,203.49593842053727,Mandarin,Auckland,C1,Female,20,conv
4.050793650793651,202.3238880603845,Mandarin,Auckland,C1,Female,20,conv
4.05578231292517,201.15858821357068,Mandarin,Auckland,C1,Female,20,conv
4.060770975056689,201.15858821357068,Mandarin,Auckland,C1,Female,20,conv
4.065759637188209,198.8480847635095,Mandarin,Auckland,C1,Female,20,conv
4.070748299319728,197.70280407057922,Mandarin,Auckland,C1,Female,20,conv
4.0757369614512475,196.56411970905023,Mandarin,Auckland,C1,Female,20,conv
4.080725623582766,194.30638823072118,Mandarin,Auckland,C1,Female,20,conv
4.085714285714285,193.18726578496916,Mandarin,Auckland,C1,Female,20,conv
4.12562358276644,216.8453740602837,Mandarin,Auckland,C1,Female,20,conv
4.130612244897959,220.63576443274928,Mandarin,Auckland,C1,Female,20,conv
4.135600907029478,232.40911739156792,Mandarin,Auckland,C1,Female,20,conv
4.140589569160998,228.41646786215435,Mandarin,Auckland,C1,Female,20,conv
4.145578231292517,232.40911739156792,Mandarin,Auckland,C1,Female,20,conv
4.1505668934240365,228.41646786215435,Mandarin,Auckland,C1,Female,20,conv
4.155555555555556,221.91389441356898,Mandarin,Auckland,C1,Female,20,conv
4.160544217687074,216.8453740602837,Mandarin,Auckland,C1,Female,20,conv
4.165532879818594,215.59643660857103,Mandarin,Auckland,C1,Female,20,conv
4.170521541950113,216.8453740602837,Mandarin,Auckland,C1,Female,20,conv
4.1755102040816325,211.89261887185907,Mandarin,Auckland,C1,Female,20,conv
4.180498866213152,211.89261887185907,Mandarin,Auckland,C1,Female,20,conv
4.185487528344671,211.89261887185907,Mandarin,Auckland,C1,Female,20,conv
4.190476190476191,209.4588245641254,Mandarin,Auckland,C1,Female,20,conv
4.19546485260771,209.4588245641254,Mandarin,Auckland,C1,Female,20,conv
4.2004535147392295,213.12010032569688,Mandarin,Auckland,C1,Female,20,conv
4.205442176870748,210.67220719096719,Mandarin,Auckland,C1,Female,20,conv
4.579591836734694,197.70280407057922,Mandarin,Auckland,C1,Female,20,conv
4.584580498866213,196.56411970905023,Mandarin,Auckland,C1,Female,20,conv
4.5895691609977325,196.56411970905023,Mandarin,Auckland,C1,Female,20,conv
4.594557823129252,194.30638823072118,Mandarin,Auckland,C1,Female,20,conv
4.599546485260771,192.07458901020087,Mandarin,Auckland,C1,Female,20,conv
4.604535147392291,190.96832078208328,Mandarin,Auckland,C1,Female,20,conv
4.609523809523809,188.77486253633867,Mandarin,Auckland,C1,Female,20,conv
4.6145124716553285,186.60659830736148,Mandarin,Auckland,C1,Female,20,conv
4.619501133786848,185.5318233882619,Mandarin,Auckland,C1,Female,20,conv
4.624489795918367,184.46323871718783,Mandarin,Auckland,C1,Female,20,conv
4.629478458049887,183.40080864093423,Mandarin,Auckland,C1,Female,20,conv
4.634467120181406,183.40080864093423,Mandarin,Auckland,C1,Female,20,conv
4.639455782312925,182.34449771164336,Mandarin,Auckland,C1,Female,20,conv
4.644444444444445,181.29427068562208,Mandarin,Auckland,C1,Female,20,conv
4.649433106575963,180.25009252216606,Mandarin,Auckland,C1,Female,20,conv
4.654421768707483,179.2119283823905,Mandarin,Auckland,C1,Female,20,conv
4.659410430839002,179.2119283823905,Mandarin,Auckland,C1,Female,20,conv
4.6643990929705215,179.2119283823905,Mandarin,Auckland,C1,Female,20,conv
4.669387755102041,180.25009252216606,Mandarin,Auckland,C1,Female,20,conv
4.67437641723356,181.29427068562208,Mandarin,Auckland,C1,Female,20,conv
4.67936507936508,184.46323871718783,Mandarin,Auckland,C1,Female,20,conv
4.684353741496599,185.5318233882619,Mandarin,Auckland,C1,Female,20,conv
4.6893424036281175,187.6875993342286,Mandarin,Auckland,C1,Female,20,conv
4.694331065759637,190.96832078208328,Mandarin,Auckland,C1,Female,20,conv
4.699319727891156,193.18726578496916,Mandarin,Auckland,C1,Female,20,conv
4.704308390022676,194.30638823072118,Mandarin,Auckland,C1,Female,20,conv
4.709297052154195,194.30638823072118,Mandarin,Auckland,C1,Female,20,conv
4.714285714285714,196.56411970905023,Mandarin,Auckland,C1,Female,20,conv
4.719274376417234,196.56411970905023,Mandarin,Auckland,C1,Female,20,conv
4.724263038548753,197.70280407057922,Mandarin,Auckland,C1,Female,20,conv
4.729251700680272,201.15858821357068,Mandarin,Auckland,C1,Female,20,conv
4.734240362811791,198.8480847635095,Mandarin,Auckland,C1,Female,20,conv
4.73922902494331,203.49593842053727,Mandarin,Auckland,C1,Female,20,conv
4.779138321995465,214.35469250725862,Mandarin,Auckland,C1,Female,20,conv
4.784126984126984,210.67220719096719,Mandarin,Auckland,C1,Female,20,conv
4.789115646258503,210.67220719096719,Mandarin,Auckland,C1,Female,20,conv
4.794104308390023,210.67220719096719,Mandarin,Auckland,C1,Female,20,conv
4.799092970521542,214.35469250725862,Mandarin,Auckland,C1,Female,20,conv
4.8040816326530615,210.67220719096719,Mandarin,Auckland,C1,Female,20,conv
4.963718820861678,208.25243050696125,Mandarin,Auckland,C1,Female,20,conv
4.968707482993198,209.4588245641254,Mandarin,Auckland,C1,Female,20,conv
4.973696145124716,210.67220719096719,Mandarin,Auckland,C1,Female,20,conv
4.9786848072562355,209.4588245641254,Mandarin,Auckland,C1,Female,20,conv
4.983673469387755,210.67220719096719,Mandarin,Auckland,C1,Female,20,conv
4.988662131519274,213.12010032569688,Mandarin,Auckland,C1,Female,20,conv
4.993650793650794,214.35469250725862,Mandarin,Auckland,C1,Female,20,conv
4.998639455782313,214.35469250725862,Mandarin,Auckland,C1,Female,20,conv
5.003628117913832,215.59643660857103,Mandarin,Auckland,C1,Female,20,conv
5.008616780045352,216.8453740602837,Mandarin,Auckland,C1,Female,20,conv
5.01360544217687,216.8453740602837,Mandarin,Auckland,C1,Female,20,conv
5.01859410430839,219.36499593892518,Mandarin,Auckland,C1,Female,20,conv
5.023582766439909,220.63576443274928,Mandarin,Auckland,C1,Female,20,conv
5.0285714285714285,223.1994285260446,Mandarin,Auckland,C1,Female,20,conv
5.033560090702948,224.49240966187455,Mandarin,Auckland,C1,Female,20,conv
5.038548752834467,225.79288096122622,Mandarin,Auckland,C1,Female,20,conv
5.043537414965987,227.10088581417543,Mandarin,Auckland,C1,Female,20,conv
5.048526077097506,227.10088581417543,Mandarin,Auckland,C1,Female,20,conv
5.0535147392290245,229.73967099940702,Mandarin,Auckland,C1,Female,20,conv
5.058503401360544,231.07053937445463,Mandarin,Auckland,C1,Female,20,conv
5.063492063492063,232.40911739156792,Mandarin,Auckland,C1,Female,20,conv
5.068480725623583,235.10958125672175,Mandarin,Auckland,C1,Female,20,conv
5.073469387755102,236.47155720542963,Mandarin,Auckland,C1,Female,20,conv
5.078458049886621,239.21922434748075,Mandarin,Auckland,C1,Female,20,conv
5.083446712018141,241.99881784385852,Mandarin,Auckland,C1,Female,20,conv
5.08843537414966,246.2288826689832,Mandarin,Auckland,C1,Female,20,conv
5.09342403628118,247.65527207548806,Mandarin,Auckland,C1,Female,20,conv
5.098412698412698,249.08992447176465,Mandarin,Auckland,C1,Female,20,conv
5.1034013605442174,249.08992447176465,Mandarin,Auckland,C1,Female,20,conv
5.108390022675737,251.98420997897463,Mandarin,Auckland,C1,Female,20,conv
5.113378684807256,253.44393965741244,Mandarin,Auckland,C1,Female,20,conv
5.118367346938776,256.3888163841458,Mandarin,Auckland,C1,Female,20,conv
5.123356009070295,259.3679109302019,Mandarin,Auckland,C1,Female,20,conv
5.128344671201814,257.8740616879158,Mandarin,Auckland,C1,Female,20,conv
5.133333333333334,256.3888163841458,Mandarin,Auckland,C1,Female,20,conv
5.138321995464852,254.91212546385245,Mandarin,Auckland,C1,Female,20,conv
5.143310657596372,253.44393965741244,Mandarin,Auckland,C1,Female,20,conv
5.148299319727891,251.98420997897463,Mandarin,Auckland,C1,Female,20,conv
5.15328798185941,253.44393965741244,Mandarin,Auckland,C1,Female,20,conv
5.15827664399093,263.9015821545788,Mandarin,Auckland,C1,Female,20,conv
5.163265306122449,273.20805135087915,Mandarin,Auckland,C1,Female,20,conv
5.1682539682539685,273.20805135087915,Mandarin,Auckland,C1,Female,20,conv
5.173242630385488,271.6344887654643,Mandarin,Auckland,C1,Female,20,conv
5.178231292517006,271.6344887654643,Mandarin,Auckland,C1,Female,20,conv
5.183219954648526,270.06998923363795,Mandarin,Auckland,C1,Female,20,conv
5.188208616780045,266.96797083400685,Mandarin,Auckland,C1,Female,20,conv
5.193197278911565,265.4303484677136,Mandarin,Auckland,C1,Female,20,conv
5.198185941043084,262.38162088748976,Mandarin,Auckland,C1,Female,20,conv
5.203174603174603,259.3679109302019,Mandarin,Auckland,C1,Female,20,conv
5.208163265306123,259.3679109302019,Mandarin,Auckland,C1,Female,20,conv
5.213151927437642,257.8740616879158,Mandarin,Auckland,C1,Female,20,conv
5.218140589569161,257.8740616879158,Mandarin,Auckland,C1,Female,20,conv
5.22312925170068,256.3888163841458,Mandarin,Auckland,C1,Female,20,conv
5.228117913832199,253.44393965741244,Mandarin,Auckland,C1,Female,20,conv
5.233106575963719,250.53288772482563,Mandarin,Auckland,C1,Female,20,conv
5.238095238095238,243.40070273411817,Mandarin,Auckland,C1,Female,20,conv
5.2430839002267575,235.10958125672175,Mandarin,Auckland,C1,Female,20,conv
5.248072562358277,232.40911739156792,Mandarin,Auckland,C1,Female,20,conv
5.253061224489796,232.40911739156792,Mandarin,Auckland,C1,Female,20,conv
5.258049886621315,231.07053937445463,Mandarin,Auckland,C1,Female,20,conv
5.263038548752834,231.07053937445463,Mandarin,Auckland,C1,Female,20,conv
5.2680272108843536,231.07053937445463,Mandarin,Auckland,C1,Female,20,conv
5.273015873015873,231.07053937445463,Mandarin,Auckland,C1,Female,20,conv
5.278004535147392,231.07053937445463,Mandarin,Auckland,C1,Female,20,conv
5.282993197278912,231.07053937445463,Mandarin,Auckland,C1,Female,20,conv
5.287981859410431,233.75544971224912,Mandarin,Auckland,C1,Female,20,conv
5.2929705215419505,233.75544971224912,Mandarin,Auckland,C1,Female,20,conv
5.297959183673469,232.40911739156792,Mandarin,Auckland,C1,Female,20,conv
5.302947845804988,235.10958125672175,Mandarin,Auckland,C1,Female,20,conv
5.307936507936508,233.75544971224912,Mandarin,Auckland,C1,Female,20,conv
5.312925170068027,233.75544971224912,Mandarin,Auckland,C1,Female,20,conv
5.352834467120181,260.87041395311286,Mandarin,Auckland,C1,Female,20,conv
5.357823129251701,254.91212546385245,Mandarin,Auckland,C1,Female,20,conv
5.36281179138322,259.3679109302019,Mandarin,Auckland,C1,Female,20,conv
5.3678004535147394,259.3679109302019,Mandarin,Auckland,C1,Female,20,conv
5.372789115646259,257.8740616879158,Mandarin,Auckland,C1,Female,20,conv
5.377777777777778,257.8740616879158,Mandarin,Auckland,C1,Female,20,conv
5.382766439909297,259.3679109302019,Mandarin,Auckland,C1,Female,20,conv
5.387755102040816,259.3679109302019,Mandarin,Auckland,C1,Female,20,conv
5.3927437641723355,257.8740616879158,Mandarin,Auckland,C1,Female,20,conv
5.397732426303855,259.3679109302019,Mandarin,Auckland,C1,Female,20,conv
5.402721088435374,259.3679109302019,Mandarin,Auckland,C1,Female,20,conv
5.407709750566894,260.87041395311286,Mandarin,Auckland,C1,Female,20,conv
5.412698412698413,260.87041395311286,Mandarin,Auckland,C1,Female,20,conv
5.417687074829932,262.38162088748976,Mandarin,Auckland,C1,Female,20,conv
5.422675736961451,263.9015821545788,Mandarin,Auckland,C1,Female,20,conv
5.42766439909297,263.9015821545788,Mandarin,Auckland,C1,Female,20,conv
5.43265306122449,265.4303484677136,Mandarin,Auckland,C1,Female,20,conv
5.437641723356009,265.4303484677136,Mandarin,Auckland,C1,Female,20,conv
5.442630385487528,266.96797083400685,Mandarin,Auckland,C1,Female,20,conv
5.447619047619048,266.96797083400685,Mandarin,Auckland,C1,Female,20,conv
5.452607709750567,266.96797083400685,Mandarin,Auckland,C1,Female,20,conv
5.457596371882087,268.51450055605267,Mandarin,Auckland,C1,Female,20,conv
5.462585034013605,266.96797083400685,Mandarin,Auckland,C1,Female,20,conv
5.4675736961451245,266.96797083400685,Mandarin,Auckland,C1,Female,20,conv
5.472562358276644,265.4303484677136,Mandarin,Auckland,C1,Female,20,conv
5.477551020408163,263.9015821545788,Mandarin,Auckland,C1,Female,20,conv
5.482539682539683,263.9015821545788,Mandarin,Auckland,C1,Female,20,conv
5.487528344671202,262.38162088748976,Mandarin,Auckland,C1,Female,20,conv
5.492517006802721,262.38162088748976,Mandarin,Auckland,C1,Female,20,conv
5.497505668934241,262.38162088748976,Mandarin,Auckland,C1,Female,20,conv
5.502494331065759,262.38162088748976,Mandarin,Auckland,C1,Female,20,conv
5.507482993197279,265.4303484677136,Mandarin,Auckland,C1,Female,20,conv
5.512471655328798,266.96797083400685,Mandarin,Auckland,C1,Female,20,conv
5.517460317460317,270.06998923363795,Mandarin,Auckland,C1,Female,20,conv
5.522448979591837,271.6344887654643,Mandarin,Auckland,C1,Female,20,conv
5.527437641723356,271.6344887654643,Mandarin,Auckland,C1,Female,20,conv
5.5324263038548755,273.20805135087915,Mandarin,Auckland,C1,Female,20,conv
5.537414965986395,274.79072949161787,Mandarin,Auckland,C1,Female,20,conv
5.542403628117913,268.51450055605267,Mandarin,Auckland,C1,Female,20,conv
5.592290249433106,189.8684241901038,Mandarin,Auckland,C1,Female,20,conv
5.597278911564626,185.5318233882619,Mandarin,Auckland,C1,Female,20,conv
5.602267573696145,179.2119283823905,Mandarin,Auckland,C1,Female,20,conv
5.6072562358276645,177.15350382047214,Mandarin,Auckland,C1,Female,20,conv
5.612244897959184,176.13317471922971,Mandarin,Auckland,C1,Female,20,conv
5.617233560090703,176.13317471922971,Mandarin,Auckland,C1,Female,20,conv
5.622222222222222,175.118722281177,Mandarin,Auckland,C1,Female,20,conv
5.627210884353741,175.118722281177,Mandarin,Auckland,C1,Female,20,conv
5.6321995464852606,174.1101126592248,Mandarin,Auckland,C1,Female,20,conv
5.63718820861678,174.1101126592248,Mandarin,Auckland,C1,Female,20,conv
5.642176870748299,174.1101126592248,Mandarin,Auckland,C1,Female,20,conv
5.647165532879819,176.13317471922971,Mandarin,Auckland,C1,Female,20,conv
5.721995464852608,97.71599684342459,Mandarin,Auckland,C1,Female,20,conv
5.726984126984127,97.71599684342459,Mandarin,Auckland,C1,Female,20,conv
5.7319727891156464,97.71599684342459,Mandarin,Auckland,C1,Female,20,conv
5.736961451247166,98.28205985452512,Mandarin,Auckland,C1,Female,20,conv
5.741950113378685,98.28205985452512,Mandarin,Auckland,C1,Female,20,conv
5.746938775510204,98.28205985452512,Mandarin,Auckland,C1,Female,20,conv
5.751927437641723,98.85140203528961,Mandarin,Auckland,C1,Female,20,conv
5.7569160997732425,98.85140203528961,Mandarin,Auckland,C1,Female,20,conv
5.761904761904762,99.42404238175475,Mandarin,Auckland,C1,Female,20,conv
5.766893424036281,98.85140203528961,Mandarin,Auckland,C1,Female,20,conv
5.771882086167801,99.42404238175475,Mandarin,Auckland,C1,Female,20,conv
5.77687074829932,99.42404238175475,Mandarin,Auckland,C1,Female,20,conv
5.781859410430839,99.42404238175475,Mandarin,Auckland,C1,Female,20,conv
5.786848072562358,99.42404238175475,Mandarin,Auckland,C1,Female,20,conv
5.791836734693877,98.85140203528961,Mandarin,Auckland,C1,Female,20,conv
5.796825396825397,98.85140203528961,Mandarin,Auckland,C1,Female,20,conv
5.821768707482994,98.85140203528961,Mandarin,Auckland,C1,Female,20,conv
5.826757369614512,99.42404238175475,Mandarin,Auckland,C1,Female,20,conv
5.8317460317460315,97.71599684342459,Mandarin,Auckland,C1,Female,20,conv
5.836734693877551,98.28205985452512,Mandarin,Auckland,C1,Female,20,conv
5.84172335600907,98.85140203528961,Mandarin,Auckland,C1,Female,20,conv
5.84671201814059,97.71599684342459,Mandarin,Auckland,C1,Female,20,conv
5.851700680272109,97.71599684342459,Mandarin,Auckland,C1,Female,20,conv
5.856689342403628,98.28205985452512,Mandarin,Auckland,C1,Female,20,conv
5.861678004535148,98.28205985452512,Mandarin,Auckland,C1,Female,20,conv
5.866666666666666,98.28205985452512,Mandarin,Auckland,C1,Female,20,conv
5.871655328798186,98.28205985452512,Mandarin,Auckland,C1,Female,20,conv
5.876643990929705,98.28205985452512,Mandarin,Auckland,C1,Female,20,conv
5.881632653061224,97.71599684342459,Mandarin,Auckland,C1,Female,20,conv
5.886621315192744,97.71599684342459,Mandarin,Auckland,C1,Female,20,conv
5.98639455782313,101.16194403019225,Mandarin,Auckland,C1,Female,20,conv
5.991383219954648,101.16194403019225,Mandarin,Auckland,C1,Female,20,conv
5.996371882086168,101.16194403019225,Mandarin,Auckland,C1,Female,20,conv
6.001360544217687,101.16194403019225,Mandarin,Auckland,C1,Female,20,conv
6.006349206349206,101.74796921026864,Mandarin,Auckland,C1,Female,20,conv
6.011337868480726,101.16194403019225,Mandarin,Auckland,C1,Female,20,conv
6.016326530612245,101.16194403019225,Mandarin,Auckland,C1,Female,20,conv
6.0213151927437645,100.57929410678534,Mandarin,Auckland,C1,Female,20,conv
6.026303854875284,100.57929410678534,Mandarin,Auckland,C1,Female,20,conv
6.031292517006802,100.0,Mandarin,Auckland,C1,Female,20,conv
6.036281179138322,98.85140203528961,Mandarin,Auckland,C1,Female,20,conv
6.041269841269841,98.85140203528961,Mandarin,Auckland,C1,Female,20,conv
6.0462585034013605,98.85140203528961,Mandarin,Auckland,C1,Female,20,conv
6.05124716553288,98.28205985452512,Mandarin,Auckland,C1,Female,20,conv
6.056235827664399,98.85140203528961,Mandarin,Auckland,C1,Female,20,conv
6.061224489795919,99.42404238175475,Mandarin,Auckland,C1,Female,20,conv
6.066213151927438,100.0,Mandarin,Auckland,C1,Female,20,conv
6.0712018140589565,100.57929410678534,Mandarin,Auckland,C1,Female,20,conv
6.076190476190476,100.57929410678534,Mandarin,Auckland,C1,Female,20,conv
6.081179138321995,100.57929410678534,Mandarin,Auckland,C1,Female,20,conv
6.644897959183673,104.7294122820627,Mandarin,Auckland,C1,Female,20,conv
6.649886621315193,104.7294122820627,Mandarin,Auckland,C1,Female,20,conv
6.654875283446712,104.7294122820627,Mandarin,Auckland,C1,Female,20,conv
6.659863945578231,104.7294122820627,Mandarin,Auckland,C1,Female,20,conv
6.664852607709751,104.7294122820627,Mandarin,Auckland,C1,Female,20,conv
6.66984126984127,104.7294122820627,Mandarin,Auckland,C1,Female,20,conv
6.6748299319727895,105.33610359548359,Mandarin,Auckland,C1,Female,20,conv
6.679818594104308,105.33610359548359,Mandarin,Auckland,C1,Female,20,conv
6.684807256235827,104.7294122820627,Mandarin,Auckland,C1,Female,20,conv
6.689795918367347,104.12621525348062,Mandarin,Auckland,C1,Female,20,conv
6.694784580498866,104.7294122820627,Mandarin,Auckland,C1,Female,20,conv
6.6997732426303855,103.52649238413774,Mandarin,Auckland,C1,Female,20,conv
6.704761904761905,103.52649238413774,Mandarin,Auckland,C1,Female,20,conv
6.709750566893424,102.93022366434919,Mandarin,Auckland,C1,Female,20,conv
6.714739229024944,101.74796921026864,Mandarin,Auckland,C1,Female,20,conv
6.8494331065759635,209.4588245641254,Mandarin,Auckland,C1,Female,20,conv
6.854421768707483,207.05298476827548,Mandarin,Auckland,C1,Female,20,conv
6.859410430839002,205.86044732869837,Mandarin,Auckland,C1,Female,20,conv
6.864399092970522,203.49593842053727,Mandarin,Auckland,C1,Female,20,conv
6.869387755102041,203.49593842053727,Mandarin,Auckland,C1,Female,20,conv
6.87437641723356,202.3238880603845,Mandarin,Auckland,C1,Female,20,conv
6.87936507936508,202.3238880603845,Mandarin,Auckland,C1,Female,20,conv
6.884353741496598,202.3238880603845,Mandarin,Auckland,C1,Female,20,conv
6.889342403628118,201.15858821357068,Mandarin,Auckland,C1,Female,20,conv
6.894331065759637,201.15858821357068,Mandarin,Auckland,C1,Female,20,conv
6.899319727891156,201.15858821357068,Mandarin,Auckland,C1,Female,20,conv
6.904308390022676,201.15858821357068,Mandarin,Auckland,C1,Female,20,conv
6.909297052154195,201.15858821357068,Mandarin,Auckland,C1,Female,20,conv
6.914285714285715,202.3238880603845,Mandarin,Auckland,C1,Female,20,conv
6.919274376417234,203.49593842053727,Mandarin,Auckland,C1,Female,20,conv
6.9242630385487525,205.86044732869837,Mandarin,Auckland,C1,Female,20,conv
6.929251700680272,205.86044732869837,Mandarin,Auckland,C1,Female,20,conv
6.934240362811791,208.25243050696125,Mandarin,Auckland,C1,Female,20,conv
6.939229024943311,210.67220719096719,Mandarin,Auckland,C1,Female,20,conv
6.94421768707483,210.67220719096719,Mandarin,Auckland,C1,Female,20,conv
6.949206349206349,210.67220719096719,Mandarin,Auckland,C1,Female,20,conv
6.954195011337869,211.89261887185907,Mandarin,Auckland,C1,Female,20,conv
6.959183673469388,211.89261887185907,Mandarin,Auckland,C1,Female,20,conv
6.964172335600907,211.89261887185907,Mandarin,Auckland,C1,Female,20,conv
6.969160997732426,211.89261887185907,Mandarin,Auckland,C1,Female,20,conv
6.974149659863945,211.89261887185907,Mandarin,Auckland,C1,Female,20,conv
6.979138321995465,210.67220719096719,Mandarin,Auckland,C1,Female,20,conv
6.984126984126984,210.67220719096719,Mandarin,Auckland,C1,Female,20,conv
6.989115646258504,213.12010032569688,Mandarin,Auckland,C1,Female,20,conv
6.994104308390023,213.12010032569688,Mandarin,Auckland,C1,Female,20,conv
6.999092970521542,214.35469250725862,Mandarin,Auckland,C1,Female,20,conv
7.004081632653061,215.59643660857103,Mandarin,Auckland,C1,Female,20,conv
7.00907029478458,215.59643660857103,Mandarin,Auckland,C1,Female,20,conv
7.0140589569161,218.10154653305153,Mandarin,Auckland,C1,Female,20,conv
7.019047619047619,219.36499593892518,Mandarin,Auckland,C1,Female,20,conv
7.024036281179138,219.36499593892518,Mandarin,Auckland,C1,Female,20,conv
7.029024943310658,223.1994285260446,Mandarin,Auckland,C1,Female,20,conv
7.034013605442177,223.1994285260446,Mandarin,Auckland,C1,Female,20,conv
7.043990929705215,239.21922434748075,Mandarin,Auckland,C1,Female,20,conv
7.048979591836734,240.60500721642333,Mandarin,Auckland,C1,Female,20,conv
7.053968253968254,237.8414230005442,Mandarin,Auckland,C1,Female,20,conv
7.058956916099773,229.73967099940702,Mandarin,Auckland,C1,Female,20,conv
7.0639455782312925,229.73967099940702,Mandarin,Auckland,C1,Female,20,conv
7.068934240362812,225.79288096122622,Mandarin,Auckland,C1,Female,20,conv
7.073922902494331,224.49240966187455,Mandarin,Auckland,C1,Female,20,conv
7.078911564625851,224.49240966187455,Mandarin,Auckland,C1,Female,20,conv
7.083900226757369,224.49240966187455,Mandarin,Auckland,C1,Female,20,conv
7.088888888888889,223.1994285260446,Mandarin,Auckland,C1,Female,20,conv
7.093877551020408,221.91389441356898,Mandarin,Auckland,C1,Female,20,conv
7.098866213151927,223.1994285260446,Mandarin,Auckland,C1,Female,20,conv
7.103854875283447,224.49240966187455,Mandarin,Auckland,C1,Female,20,conv
7.328344671201814,209.4588245641254,Mandarin,Auckland,C1,Female,20,conv
7.333333333333333,208.25243050696125,Mandarin,Auckland,C1,Female,20,conv
7.338321995464852,208.25243050696125,Mandarin,Auckland,C1,Female,20,conv
7.343310657596372,209.4588245641254,Mandarin,Auckland,C1,Female,20,conv
7.348299319727891,209.4588245641254,Mandarin,Auckland,C1,Female,20,conv
7.353287981859411,209.4588245641254,Mandarin,Auckland,C1,Female,20,conv
7.35827664399093,210.67220719096719,Mandarin,Auckland,C1,Female,20,conv
7.418140589569161,243.40070273411817,Mandarin,Auckland,C1,Female,20,conv
7.42312925170068,243.40070273411817,Mandarin,Auckland,C1,Female,20,conv
7.4281179138321995,243.40070273411817,Mandarin,Auckland,C1,Female,20,conv
7.433106575963719,241.99881784385852,Mandarin,Auckland,C1,Female,20,conv
7.438095238095238,241.99881784385852,Mandarin,Auckland,C1,Female,20,conv
7.443083900226758,237.8414230005442,Mandarin,Auckland,C1,Female,20,conv
7.448072562358277,236.47155720542963,Mandarin,Auckland,C1,Female,20,conv
7.453061224489796,237.8414230005442,Mandarin,Auckland,C1,Female,20,conv
7.458049886621315,236.47155720542963,Mandarin,Auckland,C1,Female,20,conv
7.463038548752834,237.8414230005442,Mandarin,Auckland,C1,Female,20,conv
7.468027210884354,239.21922434748075,Mandarin,Auckland,C1,Female,20,conv
7.473015873015873,237.8414230005442,Mandarin,Auckland,C1,Female,20,conv
7.4780045351473925,239.21922434748075,Mandarin,Auckland,C1,Female,20,conv
7.482993197278912,239.21922434748075,Mandarin,Auckland,C1,Female,20,conv
7.487981859410431,239.21922434748075,Mandarin,Auckland,C1,Female,20,conv
7.49297052154195,237.8414230005442,Mandarin,Auckland,C1,Female,20,conv
7.497959183673469,236.47155720542963,Mandarin,Auckland,C1,Female,20,conv
7.5029478458049885,239.21922434748075,Mandarin,Auckland,C1,Female,20,conv
7.507936507936508,239.21922434748075,Mandarin,Auckland,C1,Female,20,conv
7.512925170068027,239.21922434748075,Mandarin,Auckland,C1,Female,20,conv
7.517913832199547,235.10958125672175,Mandarin,Auckland,C1,Female,20,conv
7.522902494331066,235.10958125672175,Mandarin,Auckland,C1,Female,20,conv
7.527891156462585,235.10958125672175,Mandarin,Auckland,C1,Female,20,conv
7.532879818594104,235.10958125672175,Mandarin,Auckland,C1,Female,20,conv
7.537868480725623,249.08992447176465,Mandarin,Auckland,C1,Female,20,conv
7.542857142857143,249.08992447176465,Mandarin,Auckland,C1,Female,20,conv
7.782312925170068,218.10154653305153,Mandarin,Auckland,C1,Female,20,conv
7.787301587301587,221.91389441356898,Mandarin,Auckland,C1,Female,20,conv
7.7922902494331066,211.89261887185907,Mandarin,Auckland,C1,Female,20,conv
7.797278911564626,215.59643660857103,Mandarin,Auckland,C1,Female,20,conv
7.802267573696145,214.35469250725862,Mandarin,Auckland,C1,Female,20,conv
7.807256235827665,216.8453740602837,Mandarin,Auckland,C1,Female,20,conv
7.812244897959184,214.35469250725862,Mandarin,Auckland,C1,Female,20,conv
7.817233560090703,210.67220719096719,Mandarin,Auckland,C1,Female,20,conv
7.822222222222222,219.36499593892518,Mandarin,Auckland,C1,Female,20,conv
7.827210884353741,219.36499593892518,Mandarin,Auckland,C1,Female,20,conv
7.832199546485261,223.1994285260446,Mandarin,Auckland,C1,Female,20,conv
7.83718820861678,224.49240966187455,Mandarin,Auckland,C1,Female,20,conv
7.8421768707482995,225.79288096122622,Mandarin,Auckland,C1,Female,20,conv
7.847165532879819,225.79288096122622,Mandarin,Auckland,C1,Female,20,conv
7.852154195011338,225.79288096122622,Mandarin,Auckland,C1,Female,20,conv
7.857142857142857,227.10088581417543,Mandarin,Auckland,C1,Female,20,conv
7.862131519274376,227.10088581417543,Mandarin,Auckland,C1,Female,20,conv
7.8671201814058955,228.41646786215435,Mandarin,Auckland,C1,Female,20,conv
7.872108843537415,228.41646786215435,Mandarin,Auckland,C1,Female,20,conv
8.306122448979592,253.44393965741244,Mandarin,Auckland,C1,Female,20,conv
8.311111111111112,251.98420997897463,Mandarin,Auckland,C1,Female,20,conv
8.31609977324263,251.98420997897463,Mandarin,Auckland,C1,Female,20,conv
8.321088435374149,250.53288772482563,Mandarin,Auckland,C1,Female,20,conv
8.326077097505669,251.98420997897463,Mandarin,Auckland,C1,Female,20,conv
8.331065759637188,240.60500721642333,Mandarin,Auckland,C1,Female,20,conv
8.336054421768708,233.75544971224912,Mandarin,Auckland,C1,Female,20,conv
8.341043083900226,236.47155720542963,Mandarin,Auckland,C1,Female,20,conv
8.346031746031747,235.10958125672175,Mandarin,Auckland,C1,Female,20,conv
8.351020408163265,236.47155720542963,Mandarin,Auckland,C1,Female,20,conv
8.356009070294785,235.10958125672175,Mandarin,Auckland,C1,Female,20,conv
8.360997732426304,235.10958125672175,Mandarin,Auckland,C1,Female,20,conv
8.365986394557822,235.10958125672175,Mandarin,Auckland,C1,Female,20,conv
8.370975056689343,235.10958125672175,Mandarin,Auckland,C1,Female,20,conv
8.375963718820861,235.10958125672175,Mandarin,Auckland,C1,Female,20,conv
8.380952380952381,239.21922434748075,Mandarin,Auckland,C1,Female,20,conv
8.3859410430839,233.75544971224912,Mandarin,Auckland,C1,Female,20,conv
8.430839002267573,244.81070866093103,Mandarin,Auckland,C1,Female,20,conv
8.435827664399094,241.99881784385852,Mandarin,Auckland,C1,Female,20,conv
8.440816326530612,240.60500721642333,Mandarin,Auckland,C1,Female,20,conv
8.44580498866213,240.60500721642333,Mandarin,Auckland,C1,Female,20,conv
8.450793650793651,239.21922434748075,Mandarin,Auckland,C1,Female,20,conv
8.45578231292517,239.21922434748075,Mandarin,Auckland,C1,Female,20,conv
8.46077097505669,237.8414230005442,Mandarin,Auckland,C1,Female,20,conv
8.465759637188208,237.8414230005442,Mandarin,Auckland,C1,Female,20,conv
8.470748299319729,236.47155720542963,Mandarin,Auckland,C1,Female,20,conv
8.475736961451247,236.47155720542963,Mandarin,Auckland,C1,Female,20,conv
8.480725623582767,235.10958125672175,Mandarin,Auckland,C1,Female,20,conv
8.485714285714286,235.10958125672175,Mandarin,Auckland,C1,Female,20,conv
8.490702947845804,235.10958125672175,Mandarin,Auckland,C1,Female,20,conv
8.495691609977325,235.10958125672175,Mandarin,Auckland,C1,Female,20,conv
8.500680272108843,235.10958125672175,Mandarin,Auckland,C1,Female,20,conv
8.505668934240363,235.10958125672175,Mandarin,Auckland,C1,Female,20,conv
8.510657596371882,235.10958125672175,Mandarin,Auckland,C1,Female,20,conv
8.515646258503402,235.10958125672175,Mandarin,Auckland,C1,Female,20,conv
8.52063492063492,235.10958125672175,Mandarin,Auckland,C1,Female,20,conv
8.525623582766439,235.10958125672175,Mandarin,Auckland,C1,Female,20,conv
8.53061224489796,235.10958125672175,Mandarin,Auckland,C1,Female,20,conv
8.535600907029478,235.10958125672175,Mandarin,Auckland,C1,Female,20,conv
8.540589569160998,235.10958125672175,Mandarin,Auckland,C1,Female,20,conv
8.545578231292517,235.10958125672175,Mandarin,Auckland,C1,Female,20,conv
8.550566893424037,233.75544971224912,Mandarin,Auckland,C1,Female,20,conv
8.555555555555555,232.40911739156792,Mandarin,Auckland,C1,Female,20,conv
8.560544217687076,233.75544971224912,Mandarin,Auckland,C1,Female,20,conv
8.565532879818594,232.40911739156792,Mandarin,Auckland,C1,Female,20,conv
8.570521541950113,233.75544971224912,Mandarin,Auckland,C1,Female,20,conv
8.575510204081633,232.40911739156792,Mandarin,Auckland,C1,Female,20,conv
8.580498866213151,228.41646786215435,Mandarin,Auckland,C1,Female,20,conv
8.585487528344672,228.41646786215435,Mandarin,Auckland,C1,Female,20,conv
8.610430839002268,209.4588245641254,Mandarin,Auckland,C1,Female,20,conv
8.615419501133786,209.4588245641254,Mandarin,Auckland,C1,Female,20,conv
8.620408163265306,209.4588245641254,Mandarin,Auckland,C1,Female,20,conv
8.625396825396825,208.25243050696125,Mandarin,Auckland,C1,Female,20,conv
8.630385487528345,209.4588245641254,Mandarin,Auckland,C1,Female,20,conv
8.635374149659864,209.4588245641254,Mandarin,Auckland,C1,Female,20,conv
8.640362811791384,209.4588245641254,Mandarin,Auckland,C1,Female,20,conv
8.645351473922902,209.4588245641254,Mandarin,Auckland,C1,Female,20,conv
8.650340136054421,209.4588245641254,Mandarin,Auckland,C1,Female,20,conv
8.655328798185941,205.86044732869837,Mandarin,Auckland,C1,Female,20,conv
8.66031746031746,205.86044732869837,Mandarin,Auckland,C1,Female,20,conv
8.66530612244898,208.25243050696125,Mandarin,Auckland,C1,Female,20,conv
8.670294784580499,208.25243050696125,Mandarin,Auckland,C1,Female,20,conv
8.675283446712019,210.67220719096719,Mandarin,Auckland,C1,Female,20,conv
8.680272108843537,210.67220719096719,Mandarin,Auckland,C1,Female,20,conv
8.685260770975058,208.25243050696125,Mandarin,Auckland,C1,Female,20,conv
8.690249433106576,204.67477839935495,Mandarin,Auckland,C1,Female,20,conv
8.695238095238095,204.67477839935495,Mandarin,Auckland,C1,Female,20,conv
8.755102040816327,289.4538474880756,Mandarin,Auckland,C1,Female,20,conv
8.760090702947846,287.786716002164,Mandarin,Auckland,C1,Female,20,conv
8.765079365079366,287.786716002164,Mandarin,Auckland,C1,Female,20,conv
8.770068027210884,291.13063656843747,Mandarin,Auckland,C1,Female,20,conv
8.775056689342403,287.786716002164,Mandarin,Auckland,C1,Female,20,conv
8.780045351473923,291.13063656843747,Mandarin,Auckland,C1,Female,20,conv
8.785034013605442,292.81713918912504,Mandarin,Auckland,C1,Female,20,conv
8.790022675736962,291.13063656843747,Mandarin,Auckland,C1,Female,20,conv
8.79501133786848,287.786716002164,Mandarin,Auckland,C1,Female,20,conv
8.8,287.786716002164,Mandarin,Auckland,C1,Female,20,conv
8.80498866213152,291.13063656843747,Mandarin,Auckland,C1,Female,20,conv
8.809977324263038,286.12918648705164,Mandarin,Auckland,C1,Female,20,conv
8.814965986394558,284.4812036394563,Mandarin,Auckland,C1,Female,20,conv
8.819954648526076,282.842712474619,Mandarin,Auckland,C1,Female,20,conv
8.824943310657597,281.2136583244699,Mandarin,Auckland,C1,Female,20,conv
8.829931972789115,276.38257599355524,Mandarin,Auckland,C1,Female,20,conv
10.645804988662132,306.66566893392013,Mandarin,Auckland,C1,Female,20,conv
10.65079365079365,304.8994046511524,Mandarin,Auckland,C1,Female,20,conv
10.65578231292517,303.14331330207966,Mandarin,Auckland,C1,Female,20,conv
10.660770975056689,303.14331330207966,Mandarin,Auckland,C1,Female,20,conv
10.66575963718821,301.3973362949152,Mandarin,Auckland,C1,Female,20,conv
10.670748299319728,301.3973362949152,Mandarin,Auckland,C1,Female,20,conv
10.675736961451246,299.66141537533633,Mandarin,Auckland,C1,Female,20,conv
10.680725623582767,299.66141537533633,Mandarin,Auckland,C1,Female,20,conv
10.685714285714285,299.66141537533633,Mandarin,Auckland,C1,Female,20,conv
10.690702947845805,297.93549262454053,Mandarin,Auckland,C1,Female,20,conv
10.695691609977324,297.93549262454053,Mandarin,Auckland,C1,Female,20,conv
10.700680272108844,296.2195104573129,Mandarin,Auckland,C1,Female,20,conv
10.705668934240363,296.2195104573129,Mandarin,Auckland,C1,Female,20,conv
10.710657596371883,294.5134116201051,Mandarin,Auckland,C1,Female,20,conv
10.715646258503401,292.81713918912504,Mandarin,Auckland,C1,Female,20,conv
10.72063492063492,289.4538474880756,Mandarin,Auckland,C1,Female,20,conv
10.72562358276644,287.786716002164,Mandarin,Auckland,C1,Female,20,conv
10.730612244897959,282.842712474619,Mandarin,Auckland,C1,Female,20,conv
10.735600907029479,279.5939868358039,Mandarin,Auckland,C1,Female,20,conv
10.740589569160997,276.38257599355524,Mandarin,Auckland,C1,Female,20,conv
10.745578231292518,273.20805135087915,Mandarin,Auckland,C1,Female,20,conv
10.750566893424036,271.6344887654643,Mandarin,Auckland,C1,Female,20,conv
10.755555555555556,270.06998923363795,Mandarin,Auckland,C1,Female,20,conv
10.760544217687075,268.51450055605267,Mandarin,Auckland,C1,Female,20,conv
10.765532879818593,266.96797083400685,Mandarin,Auckland,C1,Female,20,conv
10.770521541950114,266.96797083400685,Mandarin,Auckland,C1,Female,20,conv
10.775510204081632,263.9015821545788,Mandarin,Auckland,C1,Female,20,conv
10.780498866213152,262.38162088748976,Mandarin,Auckland,C1,Female,20,conv
10.785487528344671,256.3888163841458,Mandarin,Auckland,C1,Female,20,conv
10.790476190476191,253.44393965741244,Mandarin,Auckland,C1,Female,20,conv
10.79546485260771,241.99881784385852,Mandarin,Auckland,C1,Female,20,conv
10.800453514739228,240.60500721642333,Mandarin,Auckland,C1,Female,20,conv
10.805442176870748,239.21922434748075,Mandarin,Auckland,C1,Female,20,conv
10.810430839002267,240.60500721642333,Mandarin,Auckland,C1,Female,20,conv
10.815419501133787,240.60500721642333,Mandarin,Auckland,C1,Female,20,conv
10.820408163265306,239.21922434748075,Mandarin,Auckland,C1,Female,20,conv
10.825396825396826,239.21922434748075,Mandarin,Auckland,C1,Female,20,conv
10.830385487528345,239.21922434748075,Mandarin,Auckland,C1,Female,20,conv
10.835374149659865,236.47155720542963,Mandarin,Auckland,C1,Female,20,conv
10.840362811791383,237.8414230005442,Mandarin,Auckland,C1,Female,20,conv
10.845351473922902,239.21922434748075,Mandarin,Auckland,C1,Female,20,conv
10.850340136054422,243.40070273411817,Mandarin,Auckland,C1,Female,20,conv
10.85532879818594,247.65527207548806,Mandarin,Auckland,C1,Female,20,conv
10.86031746031746,249.08992447176465,Mandarin,Auckland,C1,Female,20,conv
10.86530612244898,250.53288772482563,Mandarin,Auckland,C1,Female,20,conv
10.8702947845805,249.08992447176465,Mandarin,Auckland,C1,Female,20,conv
10.875283446712018,247.65527207548806,Mandarin,Auckland,C1,Female,20,conv
10.880272108843537,246.2288826689832,Mandarin,Auckland,C1,Female,20,conv
10.885260770975057,246.2288826689832,Mandarin,Auckland,C1,Female,20,conv
10.890249433106575,244.81070866093103,Mandarin,Auckland,C1,Female,20,conv
10.895238095238096,243.40070273411817,Mandarin,Auckland,C1,Female,20,conv
10.900226757369614,241.99881784385852,Mandarin,Auckland,C1,Female,20,conv
10.905215419501134,239.21922434748075,Mandarin,Auckland,C1,Female,20,conv
10.910204081632653,236.47155720542963,Mandarin,Auckland,C1,Female,20,conv
10.915192743764173,232.40911739156792,Mandarin,Auckland,C1,Female,20,conv
10.920181405895692,229.73967099940702,Mandarin,Auckland,C1,Female,20,conv
10.92517006802721,219.36499593892518,Mandarin,Auckland,C1,Female,20,conv
10.93015873015873,216.8453740602837,Mandarin,Auckland,C1,Female,20,conv
10.935147392290249,214.35469250725862,Mandarin,Auckland,C1,Female,20,conv
10.94013605442177,211.89261887185907,Mandarin,Auckland,C1,Female,20,conv
10.945124716553288,209.4588245641254,Mandarin,Auckland,C1,Female,20,conv
10.950113378684808,208.25243050696125,Mandarin,Auckland,C1,Female,20,conv
10.955102040816326,207.05298476827548,Mandarin,Auckland,C1,Female,20,conv
10.960090702947845,207.05298476827548,Mandarin,Auckland,C1,Female,20,conv
10.965079365079365,205.86044732869837,Mandarin,Auckland,C1,Female,20,conv
10.970068027210884,205.86044732869837,Mandarin,Auckland,C1,Female,20,conv
10.975056689342404,205.86044732869837,Mandarin,Auckland,C1,Female,20,conv
10.980045351473922,204.67477839935495,Mandarin,Auckland,C1,Female,20,conv
10.985034013605443,205.86044732869837,Mandarin,Auckland,C1,Female,20,conv
10.990022675736961,208.25243050696125,Mandarin,Auckland,C1,Female,20,conv
11.079818594104308,228.41646786215435,Mandarin,Auckland,C1,Female,20,conv
11.084807256235827,236.47155720542963,Mandarin,Auckland,C1,Female,20,conv
11.089795918367347,237.8414230005442,Mandarin,Auckland,C1,Female,20,conv
11.094784580498866,237.8414230005442,Mandarin,Auckland,C1,Female,20,conv
11.099773242630386,237.8414230005442,Mandarin,Auckland,C1,Female,20,conv
11.104761904761904,237.8414230005442,Mandarin,Auckland,C1,Female,20,conv
11.109750566893425,239.21922434748075,Mandarin,Auckland,C1,Female,20,conv
11.114739229024943,239.21922434748075,Mandarin,Auckland,C1,Female,20,conv
11.119727891156463,239.21922434748075,Mandarin,Auckland,C1,Female,20,conv
11.124716553287982,237.8414230005442,Mandarin,Auckland,C1,Female,20,conv
11.1297052154195,237.8414230005442,Mandarin,Auckland,C1,Female,20,conv
11.13469387755102,237.8414230005442,Mandarin,Auckland,C1,Female,20,conv
11.13968253968254,237.8414230005442,Mandarin,Auckland,C1,Female,20,conv
11.14467120181406,236.47155720542963,Mandarin,Auckland,C1,Female,20,conv
11.149659863945578,236.47155720542963,Mandarin,Auckland,C1,Female,20,conv
11.154648526077098,235.10958125672175,Mandarin,Auckland,C1,Female,20,conv
11.159637188208617,235.10958125672175,Mandarin,Auckland,C1,Female,20,conv
11.164625850340135,233.75544971224912,Mandarin,Auckland,C1,Female,20,conv
11.169614512471655,233.75544971224912,Mandarin,Auckland,C1,Female,20,conv
11.174603174603174,233.75544971224912,Mandarin,Auckland,C1,Female,20,conv
11.179591836734694,233.75544971224912,Mandarin,Auckland,C1,Female,20,conv
11.184580498866213,233.75544971224912,Mandarin,Auckland,C1,Female,20,conv
11.189569160997733,233.75544971224912,Mandarin,Auckland,C1,Female,20,conv
11.194557823129252,233.75544971224912,Mandarin,Auckland,C1,Female,20,conv
11.199546485260772,235.10958125672175,Mandarin,Auckland,C1,Female,20,conv
11.20453514739229,235.10958125672175,Mandarin,Auckland,C1,Female,20,conv
11.209523809523809,233.75544971224912,Mandarin,Auckland,C1,Female,20,conv
11.214512471655329,233.75544971224912,Mandarin,Auckland,C1,Female,20,conv
11.219501133786848,233.75544971224912,Mandarin,Auckland,C1,Female,20,conv
11.224489795918368,233.75544971224912,Mandarin,Auckland,C1,Female,20,conv
11.229478458049886,235.10958125672175,Mandarin,Auckland,C1,Female,20,conv
11.234467120181407,235.10958125672175,Mandarin,Auckland,C1,Female,20,conv
11.239455782312925,236.47155720542963,Mandarin,Auckland,C1,Female,20,conv
11.244444444444444,236.47155720542963,Mandarin,Auckland,C1,Female,20,conv
11.249433106575964,237.8414230005442,Mandarin,Auckland,C1,Female,20,conv
11.254421768707482,240.60500721642333,Mandarin,Auckland,C1,Female,20,conv
11.259410430839003,241.99881784385852,Mandarin,Auckland,C1,Female,20,conv
11.264399092970521,244.81070866093103,Mandarin,Auckland,C1,Female,20,conv
11.269387755102041,249.08992447176465,Mandarin,Auckland,C1,Female,20,conv
11.27437641723356,250.53288772482563,Mandarin,Auckland,C1,Female,20,conv
11.27936507936508,253.44393965741244,Mandarin,Auckland,C1,Female,20,conv
11.284353741496599,254.91212546385245,Mandarin,Auckland,C1,Female,20,conv
11.289342403628117,256.3888163841458,Mandarin,Auckland,C1,Female,20,conv
11.294331065759637,256.3888163841458,Mandarin,Auckland,C1,Female,20,conv
11.299319727891156,254.91212546385245,Mandarin,Auckland,C1,Female,20,conv
11.304308390022676,254.91212546385245,Mandarin,Auckland,C1,Female,20,conv
11.309297052154195,254.91212546385245,Mandarin,Auckland,C1,Female,20,conv
11.314285714285715,253.44393965741244,Mandarin,Auckland,C1,Female,20,conv
11.319274376417233,253.44393965741244,Mandarin,Auckland,C1,Female,20,conv
11.324263038548754,251.98420997897463,Mandarin,Auckland,C1,Female,20,conv
11.329251700680272,250.53288772482563,Mandarin,Auckland,C1,Female,20,conv
11.33424036281179,249.08992447176465,Mandarin,Auckland,C1,Female,20,conv
11.339229024943311,247.65527207548806,Mandarin,Auckland,C1,Female,20,conv
11.34421768707483,246.2288826689832,Mandarin,Auckland,C1,Female,20,conv
11.34920634920635,244.81070866093103,Mandarin,Auckland,C1,Female,20,conv
11.354195011337868,243.40070273411817,Mandarin,Auckland,C1,Female,20,conv
11.359183673469389,241.99881784385852,Mandarin,Auckland,C1,Female,20,conv
11.364172335600907,240.60500721642333,Mandarin,Auckland,C1,Female,20,conv
11.369160997732425,237.8414230005442,Mandarin,Auckland,C1,Female,20,conv
11.374149659863946,235.10958125672175,Mandarin,Auckland,C1,Female,20,conv
11.379138321995464,235.10958125672175,Mandarin,Auckland,C1,Female,20,conv
11.384126984126985,233.75544971224912,Mandarin,Auckland,C1,Female,20,conv
11.389115646258503,232.40911739156792,Mandarin,Auckland,C1,Female,20,conv
11.394104308390023,231.07053937445463,Mandarin,Auckland,C1,Female,20,conv
11.399092970521542,231.07053937445463,Mandarin,Auckland,C1,Female,20,conv
11.404081632653062,229.73967099940702,Mandarin,Auckland,C1,Female,20,conv
11.40907029478458,229.73967099940702,Mandarin,Auckland,C1,Female,20,conv
11.414058956916099,229.73967099940702,Mandarin,Auckland,C1,Female,20,conv
11.41904761904762,228.41646786215435,Mandarin,Auckland,C1,Female,20,conv
11.424036281179138,223.1994285260446,Mandarin,Auckland,C1,Female,20,conv
11.429024943310658,223.1994285260446,Mandarin,Auckland,C1,Female,20,conv
11.434013605442177,218.10154653305153,Mandarin,Auckland,C1,Female,20,conv
11.439002267573697,207.05298476827548,Mandarin,Auckland,C1,Female,20,conv
11.443990929705215,204.67477839935495,Mandarin,Auckland,C1,Female,20,conv
11.448979591836734,203.49593842053727,Mandarin,Auckland,C1,Female,20,conv
11.453968253968254,203.49593842053727,Mandarin,Auckland,C1,Female,20,conv
11.458956916099773,203.49593842053727,Mandarin,Auckland,C1,Female,20,conv
11.463945578231293,203.49593842053727,Mandarin,Auckland,C1,Female,20,conv
11.468934240362811,202.3238880603845,Mandarin,Auckland,C1,Female,20,conv
11.473922902494332,203.49593842053727,Mandarin,Auckland,C1,Female,20,conv
11.47891156462585,202.3238880603845,Mandarin,Auckland,C1,Female,20,conv
11.48390022675737,202.3238880603845,Mandarin,Auckland,C1,Female,20,conv
11.488888888888889,203.49593842053727,Mandarin,Auckland,C1,Female,20,conv
11.493877551020407,203.49593842053727,Mandarin,Auckland,C1,Female,20,conv
11.498866213151928,203.49593842053727,Mandarin,Auckland,C1,Female,20,conv
11.503854875283446,204.67477839935495,Mandarin,Auckland,C1,Female,20,conv
11.508843537414966,204.67477839935495,Mandarin,Auckland,C1,Female,20,conv
11.513832199546485,204.67477839935495,Mandarin,Auckland,C1,Female,20,conv
11.518820861678005,204.67477839935495,Mandarin,Auckland,C1,Female,20,conv
11.523809523809524,204.67477839935495,Mandarin,Auckland,C1,Female,20,conv
11.528798185941042,204.67477839935495,Mandarin,Auckland,C1,Female,20,conv
11.533786848072562,204.67477839935495,Mandarin,Auckland,C1,Female,20,conv
11.538775510204081,204.67477839935495,Mandarin,Auckland,C1,Female,20,conv
11.543764172335601,203.49593842053727,Mandarin,Auckland,C1,Female,20,conv
11.54875283446712,204.67477839935495,Mandarin,Auckland,C1,Female,20,conv
11.55374149659864,204.67477839935495,Mandarin,Auckland,C1,Female,20,conv
11.558730158730159,204.67477839935495,Mandarin,Auckland,C1,Female,20,conv
11.563718820861679,204.67477839935495,Mandarin,Auckland,C1,Female,20,conv
11.608616780045352,186.60659830736148,Mandarin,Auckland,C1,Female,20,conv
11.61360544217687,185.5318233882619,Mandarin,Auckland,C1,Female,20,conv
11.61859410430839,186.60659830736148,Mandarin,Auckland,C1,Female,20,conv
11.62358276643991,185.5318233882619,Mandarin,Auckland,C1,Female,20,conv
11.628571428571428,184.46323871718783,Mandarin,Auckland,C1,Female,20,conv
11.633560090702948,183.40080864093423,Mandarin,Auckland,C1,Female,20,conv
11.638548752834467,180.25009252216606,Mandarin,Auckland,C1,Female,20,conv
11.643537414965987,180.25009252216606,Mandarin,Auckland,C1,Female,20,conv
11.858049886621314,224.49240966187455,Mandarin,Auckland,C1,Female,20,conv
11.863038548752835,224.49240966187455,Mandarin,Auckland,C1,Female,20,conv
11.868027210884353,227.10088581417543,Mandarin,Auckland,C1,Female,20,conv
11.873015873015873,231.07053937445463,Mandarin,Auckland,C1,Female,20,conv
11.878004535147392,227.10088581417543,Mandarin,Auckland,C1,Female,20,conv
11.882993197278912,231.07053937445463,Mandarin,Auckland,C1,Female,20,conv
11.88798185941043,235.10958125672175,Mandarin,Auckland,C1,Female,20,conv
11.892970521541951,233.75544971224912,Mandarin,Auckland,C1,Female,20,conv
11.89795918367347,235.10958125672175,Mandarin,Auckland,C1,Female,20,conv
11.902947845804988,235.10958125672175,Mandarin,Auckland,C1,Female,20,conv
11.907936507936508,233.75544971224912,Mandarin,Auckland,C1,Female,20,conv
11.912925170068027,229.73967099940702,Mandarin,Auckland,C1,Female,20,conv
11.917913832199547,235.10958125672175,Mandarin,Auckland,C1,Female,20,conv
11.922902494331066,236.47155720542963,Mandarin,Auckland,C1,Female,20,conv
11.927891156462586,237.8414230005442,Mandarin,Auckland,C1,Female,20,conv
11.932879818594104,236.47155720542963,Mandarin,Auckland,C1,Female,20,conv
12.037641723356009,224.49240966187455,Mandarin,Auckland,C1,Female,20,conv
12.042630385487529,221.91389441356898,Mandarin,Auckland,C1,Female,20,conv
12.047619047619047,227.10088581417543,Mandarin,Auckland,C1,Female,20,conv
12.052607709750568,229.73967099940702,Mandarin,Auckland,C1,Female,20,conv
12.057596371882086,227.10088581417543,Mandarin,Auckland,C1,Female,20,conv
12.062585034013605,231.07053937445463,Mandarin,Auckland,C1,Female,20,conv
12.067573696145125,231.07053937445463,Mandarin,Auckland,C1,Female,20,conv
12.072562358276643,233.75544971224912,Mandarin,Auckland,C1,Female,20,conv
12.077551020408164,235.10958125672175,Mandarin,Auckland,C1,Female,20,conv
12.082539682539682,235.10958125672175,Mandarin,Auckland,C1,Female,20,conv
12.087528344671203,233.75544971224912,Mandarin,Auckland,C1,Female,20,conv
12.092517006802721,229.73967099940702,Mandarin,Auckland,C1,Female,20,conv
12.09750566893424,233.75544971224912,Mandarin,Auckland,C1,Female,20,conv
12.10249433106576,237.8414230005442,Mandarin,Auckland,C1,Female,20,conv
12.107482993197278,236.47155720542963,Mandarin,Auckland,C1,Female,20,conv
12.112471655328799,236.47155720542963,Mandarin,Auckland,C1,Female,20,conv
12.346938775510203,250.53288772482563,Mandarin,Auckland,C1,Female,20,conv
12.351927437641724,246.2288826689832,Mandarin,Auckland,C1,Female,20,conv
12.356916099773242,246.2288826689832,Mandarin,Auckland,C1,Female,20,conv
12.361904761904762,244.81070866093103,Mandarin,Auckland,C1,Female,20,conv
12.366893424036281,243.40070273411817,Mandarin,Auckland,C1,Female,20,conv
12.371882086167801,240.60500721642333,Mandarin,Auckland,C1,Female,20,conv
12.37687074829932,240.60500721642333,Mandarin,Auckland,C1,Female,20,conv
12.381859410430838,237.8414230005442,Mandarin,Auckland,C1,Female,20,conv
12.386848072562358,236.47155720542963,Mandarin,Auckland,C1,Female,20,conv
12.391836734693877,235.10958125672175,Mandarin,Auckland,C1,Female,20,conv
12.396825396825397,232.40911739156792,Mandarin,Auckland,C1,Female,20,conv
12.401814058956916,231.07053937445463,Mandarin,Auckland,C1,Female,20,conv
12.406802721088436,231.07053937445463,Mandarin,Auckland,C1,Female,20,conv
12.411791383219954,231.07053937445463,Mandarin,Auckland,C1,Female,20,conv
12.416780045351475,232.40911739156792,Mandarin,Auckland,C1,Female,20,conv
12.421768707482993,229.73967099940702,Mandarin,Auckland,C1,Female,20,conv
12.426757369614512,229.73967099940702,Mandarin,Auckland,C1,Female,20,conv
12.431746031746032,231.07053937445463,Mandarin,Auckland,C1,Female,20,conv
12.43673469387755,229.73967099940702,Mandarin,Auckland,C1,Female,20,conv
12.44172335600907,232.40911739156792,Mandarin,Auckland,C1,Female,20,conv
12.44671201814059,232.40911739156792,Mandarin,Auckland,C1,Female,20,conv
12.45170068027211,233.75544971224912,Mandarin,Auckland,C1,Female,20,conv
12.456689342403628,235.10958125672175,Mandarin,Auckland,C1,Female,20,conv
12.486621315192744,256.3888163841458,Mandarin,Auckland,C1,Female,20,conv
12.491609977324263,251.98420997897463,Mandarin,Auckland,C1,Female,20,conv
12.496598639455783,251.98420997897463,Mandarin,Auckland,C1,Female,20,conv
12.501587301587302,251.98420997897463,Mandarin,Auckland,C1,Female,20,conv
12.50657596371882,251.98420997897463,Mandarin,Auckland,C1,Female,20,conv
12.51156462585034,250.53288772482563,Mandarin,Auckland,C1,Female,20,conv
12.516553287981859,250.53288772482563,Mandarin,Auckland,C1,Female,20,conv
12.52154195011338,249.08992447176465,Mandarin,Auckland,C1,Female,20,conv
12.526530612244898,247.65527207548806,Mandarin,Auckland,C1,Female,20,conv
12.531519274376418,247.65527207548806,Mandarin,Auckland,C1,Female,20,conv
12.536507936507936,247.65527207548806,Mandarin,Auckland,C1,Female,20,conv
12.541496598639457,247.65527207548806,Mandarin,Auckland,C1,Female,20,conv
12.546485260770975,250.53288772482563,Mandarin,Auckland,C1,Female,20,conv
12.551473922902494,250.53288772482563,Mandarin,Auckland,C1,Female,20,conv
12.556462585034014,251.98420997897463,Mandarin,Auckland,C1,Female,20,conv
12.561451247165532,251.98420997897463,Mandarin,Auckland,C1,Female,20,conv
12.566439909297053,251.98420997897463,Mandarin,Auckland,C1,Female,20,conv
12.571428571428571,250.53288772482563,Mandarin,Auckland,C1,Female,20,conv
12.576417233560091,251.98420997897463,Mandarin,Auckland,C1,Female,20,conv
12.58140589569161,251.98420997897463,Mandarin,Auckland,C1,Female,20,conv
12.586394557823128,250.53288772482563,Mandarin,Auckland,C1,Female,20,conv
12.591383219954649,247.65527207548806,Mandarin,Auckland,C1,Female,20,conv
12.596371882086167,244.81070866093103,Mandarin,Auckland,C1,Female,20,conv
12.601360544217687,239.21922434748075,Mandarin,Auckland,C1,Female,20,conv
12.606349206349206,233.75544971224912,Mandarin,Auckland,C1,Female,20,conv
12.611337868480726,228.41646786215435,Mandarin,Auckland,C1,Female,20,conv
12.616326530612245,227.10088581417543,Mandarin,Auckland,C1,Female,20,conv
12.621315192743765,225.79288096122622,Mandarin,Auckland,C1,Female,20,conv
12.626303854875284,225.79288096122622,Mandarin,Auckland,C1,Female,20,conv
12.631292517006802,224.49240966187455,Mandarin,Auckland,C1,Female,20,conv
12.636281179138322,224.49240966187455,Mandarin,Auckland,C1,Female,20,conv
12.64126984126984,223.1994285260446,Mandarin,Auckland,C1,Female,20,conv
12.646258503401361,221.91389441356898,Mandarin,Auckland,C1,Female,20,conv
12.65124716553288,219.36499593892518,Mandarin,Auckland,C1,Female,20,conv
12.6562358276644,215.59643660857103,Mandarin,Auckland,C1,Female,20,conv
12.661224489795918,210.67220719096719,Mandarin,Auckland,C1,Female,20,conv
12.666213151927437,208.25243050696125,Mandarin,Auckland,C1,Female,20,conv
12.671201814058957,207.05298476827548,Mandarin,Auckland,C1,Female,20,conv
12.676190476190476,205.86044732869837,Mandarin,Auckland,C1,Female,20,conv
12.681179138321996,204.67477839935495,Mandarin,Auckland,C1,Female,20,conv
12.686167800453514,205.86044732869837,Mandarin,Auckland,C1,Female,20,conv
12.691156462585035,209.4588245641254,Mandarin,Auckland,C1,Female,20,conv
12.696145124716553,210.67220719096719,Mandarin,Auckland,C1,Female,20,conv
12.701133786848073,208.25243050696125,Mandarin,Auckland,C1,Female,20,conv
12.706122448979592,211.89261887185907,Mandarin,Auckland,C1,Female,20,conv
13.030385487528344,301.3973362949152,Mandarin,Auckland,C1,Female,20,conv
13.035374149659864,301.3973362949152,Mandarin,Auckland,C1,Female,20,conv
13.040362811791383,299.66141537533633,Mandarin,Auckland,C1,Female,20,conv
13.045351473922903,294.5134116201051,Mandarin,Auckland,C1,Female,20,conv
13.050340136054421,287.786716002164,Mandarin,Auckland,C1,Female,20,conv
13.055328798185942,287.786716002164,Mandarin,Auckland,C1,Female,20,conv
13.06031746031746,286.12918648705164,Mandarin,Auckland,C1,Female,20,conv
13.06530612244898,282.842712474619,Mandarin,Auckland,C1,Female,20,conv
13.070294784580499,279.5939868358039,Mandarin,Auckland,C1,Female,20,conv
13.075283446712017,274.79072949161787,Mandarin,Auckland,C1,Female,20,conv
13.080272108843538,270.06998923363795,Mandarin,Auckland,C1,Female,20,conv
13.085260770975056,268.51450055605267,Mandarin,Auckland,C1,Female,20,conv
13.090249433106576,268.51450055605267,Mandarin,Auckland,C1,Female,20,conv
13.095238095238095,266.96797083400685,Mandarin,Auckland,C1,Female,20,conv
13.100226757369615,265.4303484677136,Mandarin,Auckland,C1,Female,20,conv
13.105215419501134,265.4303484677136,Mandarin,Auckland,C1,Female,20,conv
13.110204081632654,265.4303484677136,Mandarin,Auckland,C1,Female,20,conv
13.115192743764172,265.4303484677136,Mandarin,Auckland,C1,Female,20,conv
13.120181405895691,268.51450055605267,Mandarin,Auckland,C1,Female,20,conv
13.125170068027211,268.51450055605267,Mandarin,Auckland,C1,Female,20,conv
13.13015873015873,263.9015821545788,Mandarin,Auckland,C1,Female,20,conv
13.13514739229025,257.8740616879158,Mandarin,Auckland,C1,Female,20,conv
